from_station_code,to_station_code,distance_km,number_of_trains
AADR,UHL,28,10
AADR,DLPC,15,6
AAG,WKA,6,1
AAG,MKPT,7,1
AAL,BUH,9,14
AAL,APR,13,16
AAL,SDL,29,2
AAM,CQA,7,2
AAM,PKQ,6,2
AAR,RDHP,76,4
AAR,SIOB,58,4
AAR,LAA,6,2
AAR,BUBR,9,2
AAS,BNO,17,2
AAS,PPR,15,2
AAY,VLY,18,4
AAY,NJT,18,4
AB,KPD,52,18
AB,JTJ,32,8
AB,GYM,27,3
AB,VN,16,15
AB,MPI,12,2
ABD,VG,48,8
ABD,GNC,28,2
ABD,CBCC,6,4
ABD,CLDY,6,2
ABI,DG,11,2
ABI,KQN,15,2
ABKA,GPAE,7,1
ABKA,BGRA,4,1
ABKA,BDC,42,13
ABKA,NDAE,24,13
ABKP,BSPR,19,6
ABKP,SJQ,39,2
ABLE,JJR,17,1
ABLE,PUNE,41,1
ABO,KRZ,6,1
ABO,ROK,6,1
ABP,MLPR,19,18
ABP,AY,53,8
ABP,GGJ,23,24
ABP,SHG,43,20
ABP,AYC,61,12
ABP,BSB,134,4
ABP,JNU,77,2
ABR,JWB,82,14
ABR,PNU,53,110
ABR,FA,98,44
ABR,PDWA,43,36
ABR,SRPJ,26,4
ABR,MJ,165,12
ABR,ADI,186,2
ABR,JU,269,2
ABR,MSH,117,2
ABR,AII,305,2
ABRV,MTSI,13,1
ABRV,ARPR,14,1
ABS,MOT,29,10
ABS,SGNR,53,12
ABS,PJK,14,2
ABS,PKK,15,3
ABS,FKA,43,4
ABS,BFE,8,2
ABS,KLWL,8,1
ABSA,AGTL,67,14
ABSA,DMR,73,16
ABSA,KUGT,40,4
ABSA,TLMR,29,8
ABSA,MANU,20,2
ABSA,MGKM,18,2
ABSA,JWNR,5,2
ABU,MAS,15,1
ABU,TRL,33,2
ABU,PER,9,1
ACG,VNA,6,1
ACG,BDWD,12,1
ACH,KURO,5,1
ACH,BAHP,4,1
ACL,AML,3,5
ACL,VDH,4,5
ACLE,MGLE,20,1
ACLE,AZ,1,1
ACN,TRK,7,1
ACN,AND,6,1
ACPR,SPTR,9,2
ACPR,DIPA,10,2
ACRN,VBW,9,2
ACRN,NAN,7,2
AD,MALM,41,47
AD,GTL,51,50
AD,RC,70,2
AD,KGL,15,1
AD,KO,28,3
AD,BAY,96,3
ADB,KNVT,45,12
ADB,PMKT,21,5
ADB,WANI,87,3
ADH,MMCT,17,2
ADH,BVI,13,15
ADH,BDTS,7,13
ADHL,ASK,8,1
ADHL,HVL,5,1
ADI,ND,46,156
ADI,VG,66,78
ADI,MSH,68,51
ADI,MAN,3,38
ADI,CLDY,11,10
ADI,MHD,28,4
ADI,GNC,29,8
ADI,MMCT,490,2
ADI,SUNR,130,16
ADI,ST,228,2
ADI,BRC,98,46
ADI,ANND,64,50
ADI,DHG,131,8
ADI,CYI,95,8
ADI,SEJ,31,4
ADI,SBIB,6,20
ADI,PNU,134,4
ADI,SBT,6,8
ADI,JVN,134,4
ADI,GDA,143,2
ADI,GIMB,300,2
ADI,HVD,162,3
ADI,BLDI,160,2
ADI,SRGT,132,2
ADL,KGP,103,6
ADL,DKAE,19,6
ADPT,USLP,21,2
ADPT,TENI,18,2
ADR,KBKN,11,2
ADR,JKHI,13,2
ADR,HSR,29,11
ADR,BHT,18,9
ADR,SSA,53,2
ADRA,PRR,39,6
ADRA,BQA,53,34
ADRA,BLS,286,2
ADRA,GAYA,242,1
ADRA,DDU,446,1
ADRA,ASN,41,21
ADRA,BJE,30,2
ADRA,JPH,30,2
ADRA,ANR,14,6
ADRA,CJN,39,6
ADRA,SNTD,23,6
ADRA,MDF,20,3
ADRA,IBL,13,2
ADRA,MYX,7,3
ADRA,GRB,7,2
ADRA,SNKR,7,3
ADRA,GMO,73,2
ADST,BDC,4,1
ADST,MUG,3,1
ADT,KTM,11,6
ADT,KMU,11,8
ADT,MV,20,2
ADTL,JBP,8,8
ADTL,DOE,9,6
ADTP,TATA,4,6
ADTP,GMH,7,6
ADVI,RN,32,16
ADVI,RAJP,32,2
ADVI,NIV,16,2
ADVI,VRLI,10,2
ADVI,VID,16,14
ADX,RXL,12,2
ADX,CAO,12,2
AED,RBS,5,2
AED,FTS,9,2
AEH,SMTL,5,2
AEH,ARI,10,2
AEK,HLE,10,1
AEK,HSRA,14,1
AEL,RE,38,4
AEL,NNL,14,5
AEL,KUND,15,1
AF,JAB,2,3
AF,IDH,2,14
AF,TDL,23,64
AF,AH,26,19
AF,SWM,226,4
AF,SMVJ,127,4
AF,GGC,161,6
AF,BXN,85,15
AF,AGC,4,4
AF,ETUE,18,2
AF,ALJN,95,2
AF,FTS,37,5
AF,BKI,151,2
AF,KOTA,333,3
AF,BTE,53,2
AF,CNB,253,2
AFK,CKI,15,31
AFK,AWY,9,38
AFK,TCR,45,6
AFK,KUC,5,1
AFR,DUB,10,2
AFR,CH,14,2
AGAS,KRYR,5,2
AGAS,BHAL,3,2
AGB,KPRR,7,2
AGB,AGZ,10,2
AGC,DHO,52,52
AGC,MTJ,54,100
AGC,RKM,4,21
AGC,MRA,80,23
AGC,BHA,10,2
AGC,GWL,118,84
AGC,NZM,187,29
AGC,VGLJ,217,10
AGC,FAB,46,4
AGC,NDLS,194,9
AGC,AH,26,6
AGC,DSJ,191,2
AGC,FDB,166,6
AGC,ETW,126,4
AGC,TDL,28,6
AGC,FTS,36,6
AGC,BXN,85,2
AGC,SSDT,28,2
AGC,GGC,162,2
AGI,NCH,18,2
AGI,NMT,11,3
AGI,MXN,28,4
AGI,SLGR,26,4
AGI,SLX,5,1
AGMN,BDYR,8,4
AGMN,DBB,34,4
AGN,G,23,14
AGN,DGG,50,6
AGN,SKS,15,8
AGR,PCN,9,2
AGR,BMI,4,2
AGTL,DMR,140,2
AGTL,UDPU,43,2
AGTL,TLMR,38,6
AGTL,JGNR,4,4
AGTL,SKKE,6,2
AGV,DNT,4,2
AGV,LXD,6,2
AGZ,NKX,8,2
AH,IDH,24,10
AH,BTE,28,35
AH,MTJ,38,4
AH,CIK,9,1
AH,RAI,6,1
AHA,KIUL,23,38
AHA,JMP,21,40
AHA,KJH,7,24
AHA,DRH,10,19
AHA,MSDN,5,3
AHH,MET,19,10
AHH,LDH,26,10
AHN,JRLE,6,2
AHN,SPLE,7,2
AI,AJE,7,12
AI,GIMB,9,14
AI,BHUJ,49,2
AIA,HSI,12,2
AIA,BWL,12,2
AIA,MJNL,6,2
AIA,KNAR,6,2
AII,KSG,25,108
AII,DOZ,7,5
AII,HTD,10,2
AII,JP,135,28
AII,FA,206,6
AII,NSD,23,31
AII,BER,52,53
AII,BJNR,65,10
AII,FL,80,8
AII,MJ,139,5
AII,BHL,132,18
AII,MDJN,7,5
AII,RANI,191,2
AIT,MOTH,34,10
AIT,ORAI,25,12
AIT,VGLJ,89,2
AJE,BHUJ,42,14
AJE,GIMB,16,2
AJI,HRI,32,12
AJI,SPN,30,11
AJI,ROZA,23,1
AJJ,RU,66,11
AJJ,PER,69,63
AJJ,MS,81,3
AJJ,TRT,13,18
AJJ,MAS,75,27
AJJ,WJR,36,6
AJJ,KPD,61,75
AJJ,TRL,27,29
AJJ,SHU,21,9
AJJ,MCN,44,1
AJJ,AVN,12,2
AJJ,CTRE,8,2
AJJ,CJ,31,4
AJJ,AVD,54,2
AJK,SRNR,3,2
AJK,WPR,6,2
AJNI,SNI,44,3
AJNI,NGP,3,8
AJNI,WR,75,5
AJP,RRB,18,11
AJP,HSD,21,4
AJP,SHV,10,7
AJR,BRKY,5,1
AJR,DKDE,8,1
AK,SEG,37,62
AK,BD,79,71
AK,MZR,38,32
AK,WHM,81,42
AK,BSL,140,41
AK,BGN,19,2
AK,MKU,89,22
AK,NN,62,4
AK,NGP,253,6
AK,GAO,12,1
AK,YAD,8,1
AK,NAVI,84,2
AK,WR,174,2
AKD,KSH,18,12
AKD,SJP,13,22
AKD,BCH,30,6
AKD,MKC,49,2
AKD,BLX,12,2
AKE,KMC,27,10
AKE,MZL,10,11
AKE,LSMP,4,1
AKJ,NHH,15,2
AKJ,HGH,17,2
AKN,BGP,14,10
AKN,SGG,10,12
AKN,CTMP,4,1
AKN,MVV,4,1
AKN,NAT,10,2
AKOR,SUR,35,10
AKOR,DUD,28,8
AKOR,GUR,51,4
AKOR,TLT,14,1
AKOR,HG,20,1
AKP,TUNI,64,23
AKP,VSKP,33,8
AKP,DVD,15,69
AKP,YLM,24,34
AKP,SLO,118,10
AKP,EE,258,2
AKP,ANV,81,4
AKP,NASP,17,2
AKP,KSK,6,2
AKRD,DEHR,5,5
AKRD,CCH,3,5
AKT,NIA,15,21
AKT,BSP,27,28
AKT,CPH,26,6
AKT,KTSH,6,2
AKT,KPNA,9,4
AKT,JRMG,13,1
AKV,BRC,80,50
AKV,ST,50,53
AKV,KSB,18,12
AKV,BH,10,22
AKV,PAO,10,7
AKVD,BVRT,18,36
AKVD,KKLR,17,38
AKVD,UNDI,10,2
ALAT,RDG,31,2
ALAT,KYND,16,2
ALB,WTJ,12,4
ALB,HAPA,10,4
ALER,ZN,14,18
ALER,BG,23,14
ALER,YADD,17,4
ALGP,HKD,8,3
ALGP,KTX,11,3
ALJN,TDL,78,38
ALJN,GZB,106,27
ALJN,ETW,170,5
ALJN,NDLS,132,9
ALJN,HRS,30,20
ALJN,KRJ,44,20
ALJN,CNB,309,19
ALJN,JJK,246,1
ALJN,ANVT,119,20
ALJN,DLI,126,5
ALJN,DIB,42,2
ALJN,ETUE,77,2
ALJN,BBA,55,4
ALJN,MWUE,6,1
ALJN,DAQ,7,1
ALLP,SRTL,23,23
ALLP,KYJ,44,24
ALLP,ERS,57,30
ALLP,QLN,85,10
ALLP,AMPA,13,18
ALLP,MAKM,13,5
ALM,KUK,7,4
ALM,KPL,9,4
ALMR,NGA,8,1
ALMR,UJ,7,1
ALPR,KRNT,7,1
ALPR,SBBJ,2,1
ALS,HTW,9,2
ALS,SVC,6,2
ALU,VRI,53,27
ALU,LLI,43,2
ALU,SRGM,58,20
ALU,TPJ,70,9
ALU,KKPM,25,2
ALU,PNDM,35,2
ALU,VM,107,4
ALUR,HAS,13,4
ALUR,SKLR,29,4
ALW,BOZ,1,1
ALW,CVB,2,1
AMB,MNGD,25,12
AMB,KSNG,48,4
AMB,NRLR,25,4
AMB,LJR,13,8
AMB,DKLU,12,4
AMBR,LTRR,13,1
AMBR,KTKR,8,1
AMC,JRU,13,3
AMC,CTA,21,3
AME,RBL,60,18
AME,MBDP,35,36
AME,JAIS,31,4
AME,GNG,13,24
AME,MCDA,14,9
AME,MFL,7,1
AMG,HRI,96,9
AMG,LKO,6,18
AMG,SAN,43,8
AMG,MLD,20,1
AMG,KKJ,8,1
AMG,LNWT,4,1
AMGA,DDNI,10,2
AMGA,RGJI,10,2
AMH,SMZ,26,8
AMH,MMA,21,20
AMH,MAU,43,6
AMH,KRND,35,11
AMH,SHG,57,9
AMH,SAA,12,2
AMI,BD,9,12
AMI,CND,38,4
AML,BIM,5,13
AML,NVS,16,8
AMLA,NRKR,82,4
AMLA,BZU,22,44
AMLA,JKR,12,2
AMLA,PAR,64,8
AMLA,MTY,23,20
AMLA,NGP,166,8
AMLA,BYS,10,3
AMLA,LLD,7,4
AMLA,BXY,27,4
AMLI,RWJ,8,4
AMLI,IDG,13,4
AMLP,VAN,3,1
AMLP,SAK,5,1
AMM,PKT,12,10
AMM,TTP,38,2
AMM,MTT,15,8
AMNE,HTLA,8,1
AMO,BHWR,4,1
AMO,NKE,13,1
AMP,PNE,15,6
AMP,SNT,13,14
AMP,BHP,20,8
AMP,KPLE,9,3
AMP,BSLE,6,3
AMPA,HAD,18,18
AMPL,MZC,4,1
AMPL,PPT,4,1
AMPR,RMH,8,1
AMPR,PGK,7,1
AMQ,CVB,1,1
AMQ,RKO,1,1
AMRO,MB,30,36
AMRO,GJL,23,16
AMRO,HPU,74,18
AMRO,GZB,110,2
AMSA,GBB,25,4
AMSA,TTR,27,4
AMSA,BSN,6,1
AMSA,SPGR,5,1
AN,SNK,41,6
AN,DXG,25,16
AN,JL,56,31
AN,NDB,95,23
AN,NDN,28,10
AN,BRTK,7,4
AN,TKHE,12,4
AN,DDE,61,16
AN,BSL,79,10
AN,ST,255,2
ANA,PHA,14,2
ANA,DMO,12,2
ANAS,BIO,8,2
ANAS,MGN,14,4
ANAS,DHD,19,2
ANB,OGL,15,8
ANB,CJM,14,8
ANB,RPRL,3,2
ANB,KRV,7,2
ANCR,BQA,11,1
ANCR,CJN,3,1
AND,TNI,4,1
ANDI,NUR,17,2
ANDI,SZM,6,3
ANDI,SNP,34,1
ANDN,SDDN,31,9
ANDN,GKP,42,13
ANDN,CM,8,6
ANDN,BMJ,13,6
ANDN,PJ,18,2
ANDN,LIR,21,6
ANE,KOU,7,2
ANE,OBVP,6,2
ANF,SRF,27,6
ANF,ARU,15,4
ANF,SMET,56,2
ANG,DDCC,82,50
ANG,BAP,67,40
ANG,KPG,111,22
ANG,MMR,153,2
ANG,DD,84,14
ANG,NYDO,12,1
ANG,PUNE,154,2
ANG,SNSI,103,2
ANGL,SBP,156,8
ANGL,TLHR,19,14
ANGL,SBPY,151,14
ANGL,TLHD,12,25
ANGL,BONA,39,10
ANGL,DNKL,60,12
ANGL,KPJG,14,2
ANGL,JRPD,24,2
ANGL,RAIR,85,17
ANGL,BBS,122,2
ANGR,BSRX,4,1
ANGR,WDL,5,1
ANI,KNW,12,1
ANI,ATR,17,1
ANK,MMR,15,2
ANK,NSL,9,2
ANKL,KAWR,28,14
ANKL,BYNR,97,4
ANKL,GOK,8,12
ANKL,HAA,15,2
ANMD,LAE,7,2
ANMD,BLSN,9,2
ANND,ND,18,169
ANND,BRC,34,169
ANND,CYI,31,51
ANND,MAN,61,4
ANND,VDA,15,7
ANND,KBRV,8,4
ANND,SNA,7,1
ANND,VLYN,5,2
ANO,KHED,14,3
ANO,CHI,16,3
ANPR,SKTN,21,2
ANPR,CPU,61,2
ANR,PRR,26,14
ANR,JOC,14,6
ANR,GRB,7,2
ANR,KSU,14,2
ANR,CKP,145,2
ANR,GMO,66,2
ANR,ASN,50,2
ANSB,KART,8,6
ANSB,NLDM,20,14
ANSB,RPAR,35,8
ANSB,CDG,105,2
ANSB,UHL,36,2
ANT,QG,19,2
ANT,ATPA,19,2
ANV,TUNI,17,35
ANV,SLO,37,27
ANV,PAP,24,15
ANV,GLP,19,3
ANV,YLM,56,8
ANV,DGDG,10,2
ANVR,CNJ,2,1
ANVR,MWC,4,1
ANVR,SBB,6,2
ANVR,TKJ,10,2
ANVT,MB,153,10
ANVT,CNB,428,43
ANVT,GZB,12,49
ANVT,MTC,60,4
ANVT,SBB,6,2
ANVT,TDL,197,2
ANVT,GOY,424,5
ANW,UNI,8,2
ANW,DOLK,6,2
ANY,KZB,6,2
ANY,KZY,2,2
AO,NSU,7,2
AO,KEG,12,2
AO,SPN,91,10
AO,CH,42,12
AO,DUB,18,2
AO,BE,24,4
APA,SEU,8,1
APA,BER,6,1
APDJ,HOJ,26,2
APDJ,NBQ,112,6
APDJ,HSA,35,12
APDJ,NCB,22,8
APDJ,KOJ,81,10
APDJ,BNV,69,2
APDJ,NMZ,114,2
APDJ,RVK,11,2
APDJ,DLO,60,4
APK,VPT,22,11
APK,MNM,45,9
APK,KKDI,105,2
APL,MCVM,7,2
APL,BPP,9,2
APMR,GJWL,11,2
APMR,NCRM,6,2
APN,VGE,19,2
APN,SXT,8,2
APR,BUH,21,11
APR,KTMA,31,10
APR,SDL,41,28
APR,PND,50,37
APR,JTI,14,14
APR,BJRI,48,2
APT,SLO,26,26
APT,RJY,24,7
APT,DWP,4,22
APT,BVL,9,3
APTA,PNVL,15,3
APTA,JITE,10,9
APTA,RSYI,4,6
AQG,RDRA,8,2
AQG,JSM,102,2
AQG,POK,4,1
AQG,OCH,17,1
ARA,BXR,69,151
ARA,DNR,39,114
ARA,PNBE,49,49
ARA,BTA,22,26
ARA,BEA,22,20
ARA,DURE,53,12
ARA,DDU,159,6
ARA,GQN,19,2
ARA,PIRO,39,2
ARA,MTBH,6,1
ARA,KUA,10,1
ARA,PPTA,46,4
ARCL,BPB,23,2
ARCL,JRBM,50,2
ARCL,SCA,8,3
ARCL,SCL,7,3
ARD,RGT,6,4
ARD,BTS,6,4
ARGP,RDI,5,1
ARGP,BSN,5,1
ARI,STLI,15,2
ARJ,BSB,35,23
ARJ,MAU,57,10
ARJ,BCY,31,12
ARJ,GCT,40,39
ARJ,SRNT,24,8
ARJ,KDQ,14,4
ARJ,NDJ,22,2
ARJ,DHE,21,10
ARJ,DLR,37,4
ARJ,SDT,19,8
ARJ,KCT,30,2
ARJ,JNU,59,4
ARK,KRPU,85,2
ARK,SUP,79,2
ARK,ARKV,6,2
ARK,GPJ,10,2
ARKV,SMLG,6,2
ARL,BLU,10,2
ARL,KJN,16,2
ARNA,KVGM,5,2
ARNA,BKI,6,2
ARPL,GWD,8,2
ARPL,SRNR,4,2
ARQ,FBG,29,6
ARQ,PRNA,38,6
ARU,KMSI,15,4
ARV,VLR,36,4
ARV,PRL,16,2
ARV,TNM,47,2
AS,MHJ,15,7
AS,SOG,47,4
AS,RJS,16,3
ASAF,RECH,14,4
ASAF,SKZR,14,4
ASCE,KUW,6,1
ASCE,SRO,6,1
ASD,SMD,16,2
ASD,KKY,15,4
ASD,KIC,4,4
ASD,PCM,27,2
ASE,BGZ,8,1
ASE,ROHN,5,1
ASH,CNB,76,22
ASH,MBP,8,2
ASH,BNZ,9,32
ASH,ON,58,20
ASH,LJN,3,2
ASH,LC,3,8
ASH,HRN,27,2
ASH,BST,211,4
ASH,GD,121,2
ASK,DRU,39,43
ASK,TTR,26,51
ASK,HAS,47,10
ASK,RRB,45,47
ASK,TK,96,37
ASK,DVG,159,10
ASK,BSN,46,2
ASK,BVR,16,1
ASKN,MNV,46,10
ASKN,GUNA,44,27
ASKN,PIA,27,8
ASKN,SHDR,15,4
ASKN,SGO,143,6
ASKN,HPKA,8,1
ASKN,RIKA,8,1
ASKN,BINA,74,4
ASKN,MAKR,72,3
ASL,PSO,9,2
ASL,NKI,8,2
ASN,ULT,13,4
ASN,RNG,18,35
ASN,DHN,58,65
ASN,DGR,42,93
ASN,CRJ,25,82
ASN,BWN,104,10
ASN,MDP,82,18
ASN,HWH,199,14
ASN,JSME,111,8
ASN,KOAA,205,8
ASN,BRR,16,4
ASN,STN,9,6
ASN,JOC,37,12
ASN,KMME,18,2
ASN,KPK,5,2
ASN,BCQ,5,2
ASN,UDL,26,8
ASN,BURN,5,7
ASN,SHM,208,2
ASN,JMT,40,4
ASN,SDAH,212,2
ASR,JNL,19,9
ASR,BEAS,42,87
ASR,BAT,38,8
ASR,VKA,8,2
ASR,UMB,249,2
ASR,SRE,331,2
AST,PWL,11,2
AST,BVH,10,2
ASV,SDGM,4,7
ASV,NHM,26,1
AT,LOL,8,2
AT,KAWR,8,2
ATC,STPD,1,1
ATC,JOO,1,1
ATE,BNDA,31,24
ATE,CKTD,37,26
ATE,KHU,13,4
ATE,BUS,9,2
ATH,BAZ,21,8
ATH,KOTA,45,6
ATH,DXD,29,2
ATL,BARH,9,11
ATL,BKP,9,9
ATL,KRNN,9,2
ATNR,BAGL,5,1
ATNR,DGA,6,1
ATP,GTL,68,37
ATP,DMM,34,76
ATP,YNK,195,4
ATP,DHNE,111,14
ATP,GY,57,23
ATP,KRNT,164,4
ATP,GYJ,54,2
ATP,PSPY,5,3
ATP,TAC,7,3
ATP,GDE,17,1
ATP,ZPL,13,1
ATPA,SINA,23,2
ATQ,KKDI,28,12
ATQ,PVI,25,10
ATQ,PKT,46,2
ATR,KTKH,9,1
ATRU,CAG,29,2
ATRU,BAZ,30,6
ATRU,SYL,14,4
ATRU,POR,7,1
ATRU,RTA,69,1
ATS,SBP,24,4
ATS,BRGA,18,6
ATS,HKG,17,2
ATU,SA,56,4
ATU,CHSM,31,6
ATU,ETP,16,2
ATUL,PAD,4,5
ATUL,BL,6,5
ATX,KTNR,8,1
ATX,SRSI,4,1
AUB,DLK,59,2
AUB,NJP,56,24
AUB,KNE,30,30
AUB,TKG,20,8
AUBR,DOS,16,59
AUBR,GAYA,69,37
AUBR,RFJ,31,16
AUBR,SSM,34,2
AUBR,PES,9,8
AUBR,SEB,11,2
AUBR,JHN,20,2
AUI,SKHK,3,1
AUI,SKEN,4,1
AUN,HNS,7,3
AUN,JKZ,3,3
AUNG,BKO,6,3
AUNG,SSL,18,2
AUNG,KBN,6,1
AUS,TSD,19,4
AUS,SDMK,10,4
AVD,KPD,115,3
AVD,PER,14,4
AVD,MAS,21,2
AVD,TRL,27,1
AVK,ONR,4,2
AVK,KXT,6,10
AVK,WEL,2,8
AVN,SHU,9,4
AVN,CTRE,4,2
AVRD,SVX,11,19
AVRD,SGR,13,18
AVRD,KDVI,6,1
AVS,PUU,8,14
AVS,KKZ,11,10
AVS,KIF,4,4
AWB,LSR,33,15
AWB,J,63,45
AWB,MMR,113,12
AWB,NSL,89,14
AWB,RGO,61,3
AWB,MKDD,6,6
AWB,DLB,12,2
AWR,RE,74,31
AWR,BKI,61,26
AWR,KRH,27,33
AWR,JP,150,16
AWR,GVH,46,4
AWR,RHG,36,18
AWR,DEC,142,4
AWR,DO,90,10
AWR,GGN,125,2
AWR,MKH,19,4
AWR,MWW,11,2
AWR,PSL,13,4
AWR,GZKA,8,2
AWR,RAH,26,2
AWR,GADJ,145,2
AWY,TCR,54,102
AWY,ERS,20,62
AWY,ERN,17,73
AWY,IPL,11,5
AWY,KLMR,6,2
AWY,CKI,25,2
AXA,WKR,8,1
AXA,SDD,5,1
AY,AYC,8,46
AY,GGJ,31,23
AY,BLG,15,1
AY,MUR,38,18
AY,SHG,98,10
AY,LKO,135,8
AY,KEA,8,2
AY,BSB,188,2
AY,GTNR,127,2
AY,BST,100,2
AY,RDL,45,2
AYC,RDL,38,13
AYC,SLW,15,12
AYC,LKO,127,32
AYC,DYD,61,2
AYC,KJA,27,2
AYC,MEQ,19,2
AYC,BBK,99,1
AYC,GTNR,120,2
AYC,SHG,105,8
AYC,BSB,196,2
AYC,SLN,58,6
AYD,MMP,4,1
AYD,TRK,14,1
AYU,GLPT,34,4
AYU,BLPA,50,2
AYU,MZQ,8,2
AYU,JPZ,16,2
AYU,CHAA,27,2
AYV,SCT,15,2
AYV,TML,13,2
AYV,BJM,9,2
AYV,AYVN,4,2
AYVN,EDP,2,2
AZ,KWAE,73,11
AZ,JRLE,35,26
AZ,SDI,18,4
AZ,KGLE,15,23
AZ,GALE,29,1
AZ,LCAE,7,1
AZ,NFK,82,4
AZ,MLDT,117,5
AZ,NDAE,112,2
AZA,MRZA,12,2
AZA,KYQ,13,2
AZR,KDPR,14,2
AZR,DLK,42,2
AZR,BOE,13,8
AZR,KWE,8,4
AZR,LAV,20,2
AZR,KIR,43,2
BAB,BZY,12,4
BAB,VGLJ,24,20
BAB,TBT,25,6
BAB,LAR,64,10
BABH,KRKH,7,4
BABH,MAHM,8,4
BABR,RRGA,5,4
BABR,SHNR,14,3
BABR,BRGL,3,2
BABR,GLY,15,1
BAF,SIRD,18,1
BAF,MAAR,22,1
BAGD,VAPI,7,1
BAGD,UVD,3,1
BAGJ,RKL,8,1
BAGJ,POU,7,1
BAGL,DGA,11,2
BAGL,DRI,4,3
BAH,DEOR,17,2
BAH,RDHP,24,4
BAH,MITA,7,2
BAH,DVGM,12,2
BAH,BCOB,175,2
BAH,BLDI,43,4
BAHI,CTA,20,5
BAHI,CHKE,15,5
BAHL,QG,17,2
BAHP,TKRP,3,1
BAI,KUT,9,2
BAI,JHIR,7,2
BAJ,SNA,4,1
BAJ,OD,6,1
BAK,DO,11,2
BAK,KVGM,7,2
BAKA,MRHA,7,2
BAKA,DGHR,55,2
BAKA,BGP,51,2
BAKT,SKEN,3,1
BAKT,RBN,4,1
BAL,TJ,17,9
BAL,TPJ,33,7
BAL,TRB,22,2
BALU,CAP,55,27
BALU,KUR,71,54
BALU,BAM,76,31
BALU,KAPG,28,10
BALU,KIT,17,10
BALU,NKP,45,2
BALU,KUU,21,2
BALU,GNGD,13,4
BALU,CLKA,7,4
BAM,IPM,24,38
BAM,CAP,21,41
BAM,VZM,216,25
BAM,KUR,147,76
BAM,PSA,74,62
BAM,VSKP,276,8
BAM,CHE,147,6
BAM,JNP,9,2
BAM,GTA,10,2
BAM,SPT,42,13
BAMA,BXN,4,2
BAMA,BR,5,2
BAMR,BONA,31,4
BAMR,RAIR,16,6
BAMR,SRGP,9,2
BAND,YPR,12,8
BAND,HSRA,51,6
BAND,BAW,19,4
BAND,SMVB,2,4
BAND,CRLM,15,2
BAND,KJM,7,4
BAND,TK,76,4
BAND,HEB,7,1
BAND,BLRR,13,1
BANE,LUNI,25,4
BANE,JU,6,2
BANE,BGKT,4,2
BANO,HTE,93,2
BANO,ROU,71,5
BANO,GBX,52,4
BANO,NXN,43,3
BANO,RNC,100,2
BANO,ORGA,36,4
BANO,PKF,31,4
BAO,RRU,6,2
BAO,NUB,6,2
BAP,PB,20,4
BAP,KPG,44,32
BAP,SNSI,36,4
BAPR,RDN,5,2
BAPR,DRO,6,2
BAQ,GLG,18,8
BAQ,MABA,29,16
BAQ,BHS,39,46
BAQ,BINA,46,34
BAQ,BET,9,2
BAQ,KAH,19,2
BAR,HP,11,1
BAR,SEU,9,1
BARH,MKA,26,52
BARH,BKP,18,50
BARH,KIUL,60,2
BARH,LEB,8,2
BARH,PHK,11,5
BARL,HPU,29,1
BARL,BSC,12,1
BAT,DHW,19,8
BAT,VKA,31,2
BAT,PTK,69,2
BAU,RV,21,12
BAU,NPNR,26,12
BAU,BSL,54,46
BAU,KNW,69,50
BAU,MKU,98,2
BAU,WGA,11,2
BAW,TK,57,13
BAW,SMVB,21,8
BAW,YPR,9,18
BAW,KIGL,59,1
BAW,NMGA,14,8
BAW,DBL,23,3
BAW,KIAT,50,4
BAW,SDVL,3,1
BAWD,DWD,7,1
BAWD,KBH,7,1
BAY,HPT,66,10
BAY,GTL,48,26
BAY,RDG,53,2
BAY,OBM,15,7
BAY,KDN,19,5
BAY,TNGL,33,15
BAY,BLL,37,2
BAY,MOMU,68,2
BAY,CTA,151,4
BAY,HDD,6,4
BAY,HGI,13,2
BAY,BYC,5,2
BAZ,GUNA,118,12
BAZ,KOTA,67,16
BAZ,CAG,59,4
BAZ,POR,22,1
BAZ,SGAC,64,3
BAZ,SYL,43,4
BBA,RG,6,2
BBA,BJ,27,4
BBA,CH,43,2
BBAI,LKKD,5,5
BBAI,NWU,12,5
BBD,SVG,7,1
BBD,KLBG,6,1
BBGN,GLGT,32,2
BBGN,JTTN,28,2
BBGN,RNGG,6,2
BBGN,MOBD,10,2
BBHT,NERH,0,2
BBHT,BELA,3,2
BBK,LKO,28,56
BBK,JLD,43,5
BBK,BUW,28,12
BBK,RDL,61,7
BBK,BNZ,25,29
BBK,GD,88,49
BBK,CLJ,60,2
BBK,SGJ,19,4
BBK,DYD,38,16
BBK,SFH,7,1
BBK,GTNR,20,12
BBK,GKP,243,2
BBM,CNI,23,14
BBM,PRR,31,15
BBM,URMA,8,3
BBM,BRMD,5,3
BBM,TATA,58,1
BBN,BJMD,10,4
BBS,KUR,19,227
BBS,CTC,27,183
BBS,HWH,436,2
BBS,VZM,382,6
BBS,PURI,63,4
BBS,BLS,227,6
BBS,MCS,7,8
BBS,DNKL,61,16
BBS,LGTR,4,4
BBS,BRAG,15,2
BBS,BNBH,3,2
BBS,NQR,24,6
BBS,KGP,343,2
BBS,HIJ,316,2
BBSN,BRAG,3,4
BBSN,MCS,6,2
BBSN,PTAB,3,2
BBTR,GDYA,12,1
BBTR,MGRD,6,1
BBU,DDU,53,62
BBU,SSM,48,50
BBU,KTQ,22,16
BBU,PSE,13,2
BBU,DGO,9,2
BC,IZN,5,22
BC,BRY,2,16
BC,BE,3,8
BC,BPR,17,2
BCA,BJU,17,18
BCA,DSS,11,11
BCA,STJT,6,2
BCA,TGA,9,1
BCA,SPP,33,4
BCA,SPJ,34,2
BCB,SDMD,3,1
BCB,JBO,3,1
BCH,MKC,20,22
BCH,KSH,12,12
BCH,SJP,44,24
BCH,UJN,60,20
BCH,PUO,12,2
BCH,KONY,5,2
BCHL,KRDL,9,4
BCHL,DWZ,34,2
BCHL,BHNS,10,2
BCK,RDU,6,2
BCK,KGP,24,2
BCN,RBL,31,12
BCN,LKO,47,16
BCN,HCP,16,12
BCN,NHN,11,8
BCOB,GIMB,37,34
BCOB,SIOB,16,32
BCOB,VONB,9,2
BCOB,CHIB,13,2
BCP,RAI,10,1
BCP,IDH,8,1
BCQ,STN,4,2
BCRD,JMV,5,4
BCRD,BXY,8,4
BCU,BTI,17,4
BCU,PUL,15,4
BCY,BSB,4,26
BCY,SRNT,7,8
BCY,KDQ,17,4
BD,MZR,41,34
BD,DMN,46,22
BD,CND,29,10
BD,NGP,174,14
BD,WR,95,43
BD,BSL,219,2
BD,KUM,16,1
BD,NAVI,6,6
BDBA,RHMA,12,1
BDBA,PRDP,11,1
BDBP,NILE,2,2
BDBP,DGLE,7,2
BDC,NH,9,34
BDC,BWN,68,54
BDC,KOAA,43,6
BDC,NDAE,66,16
BDC,CGR,7,3
BDC,HWH,39,33
BDC,SHE,17,5
BDC,SRP,19,2
BDC,CNS,4,6
BDC,MUG,7,1
BDC,BSAE,5,1
BDC,KJU,12,1
BDC,KWAE,105,2
BDCR,KRA,39,2
BDCR,MUGR,49,2
BDCR,BTPD,9,2
BDDR,LAL,7,2
BDDR,KSD,6,2
BDE,JJW,8,1
BDE,JBU,5,1
BDGM,SINA,12,2
BDGU,GIN,9,3
BDGU,JBGD,9,3
BDH,GKH,11,2
BDH,BHP,8,5
BDH,PCQ,5,3
BDI,JL,11,2
BDI,BSL,13,2
BDJ,TLY,22,29
BDJ,CLT,46,27
BDJ,QLD,22,20
BDJ,MAHE,13,22
BDJ,PYOL,10,6
BDJ,CAN,43,2
BDL,MZP,7,34
BDL,PCOI,74,20
BDL,DDU,70,4
BDL,PRYJ,83,8
BDL,MNF,28,2
BDL,MJA,44,8
BDLN,GOM,13,6
BDLN,DMC,13,4
BDLN,JFD,8,2
BDM,BGK,26,15
BDM,GDG,66,13
BDM,GED,13,9
BDM,LKY,11,3
BDM,HLAR,19,8
BDMJ,NDLS,65,2
BDMJ,PNP,24,3
BDMJ,DLI,64,3
BDMJ,SMK,6,2
BDNK,TENI,15,2
BDNP,SJT,4,1
BDNP,BRE,6,1
BDO,TATA,42,4
BDO,OND,13,4
BDPG,GJTA,4,2
BDPG,CBT,4,2
BDPK,TTPT,3,1
BDPK,MRDL,8,2
BDPK,TLHR,13,1
BDSW,SDS,10,1
BDSW,BUGL,5,1
BDTS,BVI,19,106
BDTS,ST,252,2
BDTS,VAPI,157,2
BDU,J,19,6
BDU,MKDD,37,4
BDU,KMV,19,2
BDVL,FM,6,4
BDVL,UR,7,7
BDVL,NSVP,2,3
BDVR,SUP,7,2
BDVR,CMDP,31,2
BDVT,TKE,21,15
BDVT,SMET,18,8
BDVT,SME,16,7
BDW,NSD,19,2
BDW,BJNR,22,2
BDWD,BSL,31,6
BDWD,MKU,19,8
BDWD,VNA,18,2
BDWD,KLHD,5,1
BDWL,RJS,13,3
BDWL,SOG,18,3
BDWS,MINA,18,4
BDWS,KLRS,28,6
BDWS,GUNA,49,6
BDWS,RSJ,9,3
BDWS,LWS,12,3
BDWS,SVPI,52,4
BDXT,GHH,6,4
BDXT,GGN,4,4
BDXX,TPQ,6,2
BDXX,DMK,11,2
BDYR,NCB,37,4
BDZ,KNJ,10,4
BDZ,THP,5,4
BE,HRI,133,8
BE,MB,91,118
BE,SPN,71,69
BE,RMU,63,34
BE,LKO,235,56
BE,LJN,235,6
BE,PMR,20,11
BE,NRS,32,2
BE,CBJ,8,2
BE,MIL,40,6
BE,BTO,18,2
BE,BLPU,35,2
BE,TLH,53,1
BE,STP,161,15
BE,ON,267,2
BEA,RPR,14,12
BEA,DURE,31,8
BEA,BYN,6,1
BEA,KYA,8,1
BEAS,JUC,37,91
BEAS,JNL,23,9
BEAS,KRE,22,7
BEAS,JRC,41,2
BEB,REJ,9,6
BEB,BPC,18,6
BEB,PLY,18,4
BEB,BFT,6,4
BEDM,BINR,13,4
BEDM,DEEG,12,4
BEH,JSG,22,8
BEH,BMB,15,10
BEH,PNPL,6,5
BEH,GP,50,1
BEH,DIH,7,2
BEHJ,DEEG,6,2
BEHJ,GDO,9,2
BEHR,VST,30,4
BEHR,MWJ,47,6
BEHR,JOBA,40,2
BEHR,BRGW,129,4
BEHR,KMZ,114,4
BEHR,KHBJ,61,5
BEHR,SGAM,93,1
BEHS,POE,6,6
BEHS,WENA,14,6
BEHS,NLD,10,4
BEHS,HRT,19,4
BELA,MDE,11,8
BELA,GAYA,20,12
BELA,JHD,27,4
BELA,NYM,5,2
BELD,NU,11,2
BELD,KKB,5,6
BELD,GPC,5,4
BEM,UJH,13,4
BEM,BRY,43,10
BEM,KSJ,60,4
BEM,SRNK,45,2
BENA,JIBI,14,2
BENA,STRB,10,2
BENL,WDL,4,1
BENL,LMT,5,1
BER,MJ,88,30
BER,FA,154,4
BER,SOD,66,10
BER,SEU,13,7
BER,HP,34,2
BER,BNGM,5,1
BET,KAH,10,2
BEU,BGAN,10,2
BEU,PDR,8,2
BEW,NDN,7,4
BEW,PDP,6,4
BEY,BMH,6,5
BEY,KEF,9,3
BEY,PNM,19,2
BFD,SPK,13,3
BFD,NAM,5,3
BFE,PKK,7,2
BFJ,CSN,7,2
BFJ,JMD,7,2
BFM,JMU,9,2
BFM,MNP,5,2
BFR,KZE,8,3
BFR,KQK,5,3
BFT,SGV,3,4
BG,CHZ,34,6
BG,SC,46,10
BG,ZN,38,5
BG,MLY,40,2
BG,BN,13,4
BG,YADD,6,4
BGAE,JIT,3,2
BGAE,SOAE,3,2
BGAN,GD,17,2
BGAN,PDR,18,2
BGAN,GADM,9,2
BGBR,KRAR,21,14
BGBR,MSMD,31,18
BGBR,KMK,11,4
BGD,SCV,7,2
BGD,SSA,18,2
BGHI,HNM,8,2
BGHI,TZR,9,4
BGHI,STA,28,2
BGHU,CMDP,9,2
BGHU,KVLS,11,2
BGK,LMT,35,20
BGK,MGL,8,3
BGK,GED,13,9
BGK,BJP,97,2
BGK,GDG,93,1
BGK,BSRX,52,2
BGKT,LUNI,28,12
BGKT,JU,3,23
BGKT,SMR,77,6
BGKT,PMY,69,6
BGM,GPB,58,18
BGM,KNP,26,14
BGM,LD,51,22
BGM,DWR,121,14
BGM,MRJ,137,20
BGM,PCH,37,2
BGM,UBL,141,3
BGM,PRG,2112,1
BGM,SXB,9,2
BGMR,CHM,5,3
BGMR,GGAR,5,3
BGN,MZR,19,2
BGN,YAD,11,1
BGN,KTP,8,1
BGND,SWJ,9,2
BGND,SUZ,10,2
BGND,GOM,18,2
BGND,NLP,25,2
BGNP,NDL,30,4
BGNP,KLKA,14,4
BGNR,YY,14,10
BGNR,SBGA,35,10
BGNR,KIGL,32,2
BGNR,HISE,19,2
BGO,GBA,5,3
BGO,PBA,8,3
BGP,JMP,53,10
BGP,SGG,24,54
BGP,BHLE,36,16
BGP,SBO,8,9
BGP,NAT,4,5
BGP,GGA,21,6
BGP,DWLE,25,2
BGP,HPLE,11,2
BGP,CLG,31,12
BGP,PPT,52,2
BGP,SBG,75,6
BGP,MDLE,49,2
BGPL,TMKA,7,2
BGPL,SKND,9,2
BGQ,NBUE,26,2
BGQ,MNQ,13,6
BGQ,FBD,44,4
BGRA,DTAE,5,1
BGS,KGG,41,61
BGS,BJU,15,59
BGS,NBJU,13,26
BGS,SKJ,27,4
BGS,LKN,18,14
BGS,MGR,40,4
BGS,NNA,108,2
BGS,KIR,164,2
BGS,PNC,112,2
BGSF,JMKT,7,2
BGSF,PTKP,10,2
BGTA,SQL,8,4
BGTA,GMD,13,4
BGU,SMI,32,22
BGU,RXL,53,18
BGU,GRH,19,4
BGVN,DD,28,4
BGVN,JEUR,47,2
BGVN,MLM,8,1
BGVN,JNTR,12,1
BGVN,PRWD,21,2
BGWD,GPB,8,2
BGWD,CKR,7,2
BGWI,GRWD,3,5
BGWI,DEHR,3,5
BGY,RJLK,8,2
BGZ,SSB,20,22
BGZ,ROK,40,30
BGZ,SPZ,18,6
BGZ,NNO,13,10
BGZ,DLI,30,2
BGZ,NDLS,31,2
BGZ,GHE,7,1
BH,BRC,71,146
BH,ST,59,133
BH,VS,67,3
BH,PLJ,25,9
BH,NIU,12,6
BH,MYG,40,2
BH,KSB,28,2
BH,UDN,63,4
BH,SYN,46,4
BH,KIM,36,2
BH,CVJ,5,1
BHA,JJ,16,2
BHAL,PTD,6,2
BHB,KFA,14,4
BHB,MNE,8,4
BHBK,SHSK,30,6
BHBK,KNVT,15,6
BHBR,PCDR,10,1
BHBR,PLWR,4,1
BHC,SORO,29,18
BHC,JJKR,44,95
BHC,CTC,115,36
BHC,BLS,62,107
BHC,KGP,183,6
BHC,MKO,14,3
BHC,RNTL,8,3
BHC,KED,15,2
BHC,RDBR,6,2
BHC,BTV,32,2
BHCL,DHA,7,1
BHCL,ZNA,5,1
BHD,SZM,11,1
BHD,NUR,12,1
BHET,BL,59,10
BHET,NDB,160,9
BHET,VAPI,86,2
BHET,NVS,20,7
BHET,CHM,15,6
BHET,VYA,60,3
BHET,SCH,5,5
BHET,UDN,6,5
BHET,BIY,30,2
BHGJ,MIKD,4,1
BHI,BPR,32,4
BHI,KHH,15,10
BHI,DRN,17,2
BHI,IZN,44,4
BHJA,PFU,10,2
BHJA,MKRD,12,2
BHKD,BRKA,12,2
BHKD,PTRU,8,2
BHKH,JHN,7,2
BHKH,PES,4,2
BHL,BJNR,67,29
BHL,CNA,46,23
BHL,COR,54,32
BHL,NSD,108,4
BHL,MDL,11,6
BHL,RLR,34,2
BHL,GGR,32,2
BHL,HMG,18,2
BHLA,SOAE,5,1
BHLA,GPAE,2,1
BHLE,MDLE,13,18
BHLE,DWLE,11,2
BHLE,TELY,5,2
BHLE,PNSA,3,2
BHLK,BIDR,38,19
BHLK,UDGR,43,9
BHLK,KMNR,24,10
BHLK,HBU,15,2
BHLK,KCP,15,2
BHLP,GYN,54,5
BHLP,BSB,6,6
BHLP,MBS,41,3
BHLP,BSBS,2,2
BHNE,TKHE,7,4
BHNE,DXG,6,4
BHNS,KMLR,12,2
BHP,BWN,51,37
BHP,NFK,149,2
BHP,GKH,18,12
BHP,MLDT,182,4
BHP,SNT,33,6
BHP,PNE,5,15
BHP,RPH,60,33
BHP,DKAE,131,12
BHP,HWH,146,4
BHPI,BLGR,14,4
BHPI,JRTB,11,4
BHRM,UDPU,16,2
BHRM,BLGH,13,2
BHS,BPL,53,46
BHS,GLG,21,8
BHS,RKMP,60,10
BHS,VGLJ,237,6
BHS,SCI,9,9
BHS,MABA,68,2
BHS,SHRN,63,22
BHS,BINA,85,25
BHT,HSR,46,2
BHT,SSA,36,6
BHT,MHUL,4,2
BHT,KBKN,6,2
BHT,DING,11,5
BHTA,KMBL,42,7
BHTA,DWK,42,9
BHTA,BPKA,10,2
BHTK,KGS,12,2
BHTK,KOI,11,2
BHTL,KMBL,18,2
BHTL,BPKA,14,2
BHTN,SRID,23,4
BHTN,BRGT,14,6
BHTN,BMR,11,4
BHTN,MML,27,2
BHTR,BTT,13,18
BHTR,BTK,8,5
BHTR,MW,14,7
BHTR,SV,36,6
BHUJ,GIMB,58,7
BHW,PKR,28,5
BHW,TPH,17,13
BHW,GMAN,9,3
BHW,BKLE,8,1
BHW,NFK,14,22
BHW,SBG,55,18
BHW,MLDT,49,2
BHWA,DNRP,22,4
BHWA,SJS,31,4
BHWR,GAH,6,1
BHX,GDB,12,5
BHX,BTI,16,3
BHX,BWX,7,2
BHZ,NHLG,55,4
BHZ,BPB,16,4
BHZ,CNE,5,2
BHZ,HLX,5,2
BIA,BPHB,4,6
BIA,R,22,4
BIA,DBEC,4,2
BID,KGI,17,20
BID,RMGM,15,20
BIDR,ZB,31,21
BIDR,HMBD,52,4
BIDR,UDGR,81,3
BIDR,MTV,19,2
BIDR,KHNP,14,3
BIDR,MRF,55,2
BIG,KGS,19,2
BIG,KGB,15,6
BIG,PND,54,2
BIG,SLKR,7,2
BIG,TGQ,10,4
BIJ,THP,3,4
BIJ,RHA,8,1
BIJ,KLNP,4,3
BIJR,BYNR,6,2
BIJR,SEN,14,2
BILD,BOG,18,1
BILD,MRN,10,3
BILD,RTI,7,2
BILP,KDHL,5,1
BILP,TWV,4,1
BIM,BL,18,23
BIM,NVS,21,17
BIM,DGI,9,4
BIM,JRS,5,3
BIM,GNV,5,2
BINA,RKMP,144,8
BINA,LAR,63,50
BINA,MABA,17,22
BINA,DUA,35,4
BINA,KYE,22,18
BINA,JLN,47,2
BINA,BPL,138,63
BINA,VGLJ,152,78
BINA,MNV,29,10
BINA,SGO,75,19
BINA,MDVK,8,1
BINA,SHRN,149,17
BINA,DMO,152,2
BINA,GUNA,118,2
BINR,DEEG,24,4
BINR,GVH,12,6
BINR,JREA,6,2
BIO,DHD,11,2
BIP,KHOH,11,2
BIP,MKP,15,2
BIQ,NGLT,6,2
BIQ,DXK,6,2
BIRD,BSR,28,34
BIRD,PNVL,38,8
BIRD,KYN,15,26
BIRD,KHBV,8,1
BIRD,KOPR,9,1
BIRP,GMH,5,1
BIRP,KND,5,1
BIS,WADO,6,1
BIS,KJL,6,1
BIWK,NMH,9,2
BIWK,JWO,7,2
BIX,SONI,23,10
BIX,ETW,37,8
BIY,UDN,26,2
BIY,MID,15,5
BIY,CHM,15,8
BIY,VYA,31,6
BIY,GGAR,6,5
BIY,TBV,7,4
BIY,NDB,129,2
BJ,CH,16,4
BJD,MHD,12,7
BJD,MAN,13,8
BJD,KANJ,4,1
BJE,VAA,11,2
BJE,SNTD,7,9
BJE,PEH,9,2
BJE,PRR,49,2
BJE,GMO,43,2
BJE,SBW,6,2
BJE,SDMD,2,1
BJE,MHQ,23,2
BJF,BNGN,15,4
BJF,BPRD,27,4
BJG,THDR,7,2
BJG,PCN,7,2
BJIH,KKHT,3,1
BJIH,TRS,3,1
BJKN,SSA,7,2
BJKN,SHN,8,2
BJM,SCT,6,2
BJMD,NOMD,13,5
BJMD,GUA,8,1
BJNR,NSD,42,25
BJNR,GBP,3,2
BJNR,RLR,33,2
BJNR,MDL,56,4
BJO,BSKR,14,4
BJO,HLDR,17,6
BJO,MZM,25,2
BJP,SUR,109,9
BJP,LMT,62,10
BJP,MNL,18,3
BJP,IMR,4,3
BJP,IDR,51,9
BJP,BSRX,44,10
BJP,TVL,74,1
BJP,NBL,37,2
BJP,MVD,25,2
BJR,KAP,24,6
BJR,BLU,19,6
BJRA,BW,5,1
BJRA,KPO,4,1
BJRI,KTMA,16,10
BJRI,BRH,52,4
BJRI,MDGR,17,4
BJRI,UKR,21,4
BJU,DSS,28,20
BJU,MNE,65,2
BJU,PPTA,108,12
BJU,SPJ,51,66
BJU,MKA,19,4
BJU,HJP,87,31
BJU,PNBE,108,3
BJU,DKGS,4,3
BJU,BRYA,21,4
BJU,BUJ,2,1
BJU,KIUL,37,32
BJU,VPDA,27,2
BJU,SPP,50,6
BJU,LKR,35,4
BJU,JAJ,91,17
BJU,KIR,180,10
BJU,HTZU,10,4
BJU,MOG,37,6
BJU,KGG,56,6
BJU,DES,68,2
BJU,MFP,103,2
BJW,BRC,6,2
BJW,VDA,13,1
BJW,RNO,5,1
BJWS,MHRG,7,2
BJWS,GRKA,5,2
BKC,OSN,15,1
BKC,HRLI,9,1
BKG,FUT,6,5
BKG,PNC,6,5
BKH,PPI,19,14
BKH,SCKR,17,8
BKH,GAR,30,4
BKH,JHT,7,2
BKI,GADJ,85,16
BKI,MURD,32,16
BKI,DO,30,56
BKI,RHG,24,14
BKI,JP,91,8
BKI,BTE,97,12
BKI,BU,13,8
BKI,GLNA,7,2
BKI,SHGN,10,1
BKI,KL,52,2
BKJ,KUDA,15,10
BKJ,UD,16,10
BKL,MDR,16,4
BKL,KMT,28,4
BKLE,DDX,3,1
BKN,SDGH,73,14
BKN,NPS,27,12
BKN,LGH,4,30
BKN,DSO,33,14
BKN,NGO,117,6
BKN,NOK,65,34
BKN,SOG,181,6
BKNG,GDL,35,16
BKNG,RJT,6,18
BKNG,RKY,7,2
BKO,FTP,31,6
BKO,CNB,46,4
BKO,KSQ,8,1
BKP,PNC,35,18
BKP,PNBE,45,35
BKP,MKA,44,37
BKP,FUT,23,14
BKP,KOO,15,34
BKP,HRT,11,8
BKP,HTZ,51,8
BKP,RJPB,43,8
BKP,KWO,9,4
BKP,TKBG,4,1
BKP,KIUL,77,2
BKPT,VNM,5,2
BKPT,KNLP,7,2
BKRD,SM,10,12
BKRD,HCR,10,14
BKRD,MLDT,46,2
BKRL,DRL,7,1
BKRL,CPN,6,1
BKRO,GMIA,6,2
BKRO,BRMO,9,2
BKRO,BRKA,58,2
BKRO,PUS,14,2
BKSC,CRP,15,48
BKSC,MURI,53,60
BKSC,PRR,60,4
BKSC,JAA,41,8
BKSC,GMO,32,18
BKSC,PNW,17,8
BKSC,KSX,29,6
BKSC,DHN,49,19
BKSC,TKB,6,2
BKSC,RJB,11,2
BKSC,RNC,113,5
BKSC,KQR,125,2
BKSC,PNME,50,2
BKSL,SVRP,6,1
BKSL,CLG,6,1
BKTL,PRB,6,2
BKTL,SEH,8,2
BKWA,PJK,6,1
BKWA,KTPK,4,1
BL,NVS,39,53
BL,VAPI,26,119
BL,BSR,147,6
BL,ST,68,65
BL,PLG,107,1
BL,DRD,75,1
BL,BVI,164,8
BL,BOR,96,2
BL,PAD,10,4
BL,DGI,9,7
BL,UVD,16,2
BL,UDN,64,8
BLD,SJN,12,9
BLD,VAPI,11,6
BLD,KEB,5,7
BLD,UBR,17,4
BLDA,KGP,36,16
BLDA,JER,33,13
BLDA,DNT,17,2
BLDA,VKD,6,4
BLDA,NSI,8,4
BLDA,BLS,81,3
BLDA,HIJ,32,2
BLDI,DQN,35,14
BLDI,PTN,51,20
BLDI,DISA,18,6
BLDI,DEOR,26,6
BLDI,RNV,70,10
BLDI,LW,10,2
BLDI,JSI,10,2
BLDI,PNU,46,2
BLG,GGJ,17,1
BLGH,SKKE,8,2
BLGR,TIG,64,36
BLGR,BRGA,75,34
BLGR,LSX,19,10
BLGR,SFC,35,8
BLGR,BRPL,56,6
BLGR,BUDM,43,2
BLGT,GRMP,32,8
BLGT,RMPB,20,4
BLH,SEP,5,1
BLH,DDJ,4,1
BLK,NJP,19,2
BLK,JPE,15,2
BLL,GTL,10,8
BLL,SNKG,4,4
BLL,BNL,7,2
BLLI,MAO,16,2
BLLI,CNO,17,2
BLM,ON,100,2
BLM,HRI,33,22
BLM,LKO,69,6
BLM,SAN,20,12
BLM,LJN,69,2
BLMR,MOBD,5,2
BLMR,JTTN,13,2
BLNI,JEUR,8,1
BLNI,KEM,8,1
BLNR,GWL,2,2
BLNR,RRU,11,2
BLO,CAG,12,2
BLO,MTPC,10,2
BLP,GD,39,17
BLP,JKNI,3,10
BLP,TLR,30,7
BLP,ITE,18,2
BLPA,GUP,36,4
BLPA,CHAA,23,2
BLPE,MRM,10,2
BLPE,SF,7,2
BLPR,KUTI,3,2
BLPR,RNGG,5,2
BLPU,TLH,17,4
BLPU,PMR,16,4
BLPU,SPN,35,2
BLQR,RUPC,18,18
BLQR,RMU,27,16
BLQR,MB,54,2
BLR,MLP,9,3
BLR,HBL,9,3
BLRR,CRLM,3,1
BLS,JER,47,27
BLS,SORO,33,22
BLS,KGP,121,90
BLS,CTC,174,13
BLS,HIJ,112,23
BLS,BTS,28,3
BLS,HIP,12,4
BLS,NGRD,10,4
BLS,TKPL,5,2
BLS,ROP,18,5
BLS,JJKR,102,7
BLSN,MSMD,8,2
BLT,SMR,33,16
BLT,BME,96,4
BLT,BUT,50,14
BLT,LUNI,82,2
BLTR,MAU,35,26
BLTR,BTT,33,8
BLTR,SRU,22,10
BLTR,DEOS,53,4
BLTR,LRD,13,12
BLTR,IAA,27,4
BLTR,KER,14,4
BLU,KJN,25,16
BLU,KAP,43,2
BLU,CPA,52,10
BLX,KSH,6,2
BLY,SRP,11,1
BLY,HWH,8,1
BLZ,BRZ,16,8
BLZ,MSZ,16,10
BLZ,JHL,29,2
BMB,JSG,38,17
BMB,GP,35,17
BMB,GPH,16,10
BMB,TGM,8,2
BMB,DIH,9,2
BMCK,MNGD,17,8
BMCK,THV,19,8
BMD,EE,19,8
BMD,TDD,29,6
BMD,PUA,7,2
BME,BUT,46,8
BME,UTL,11,6
BMF,PAU,22,24
BMF,HNL,58,24
BMGA,PAW,3,2
BMGA,PCR,5,2
BMGN,BOKO,8,2
BMGN,CGON,9,2
BMH,RGM,11,7
BMH,NDL,40,2
BMH,DHNE,36,2
BMH,KEF,15,2
BMI,MGN,35,10
BMI,RTM,45,12
BMI,THDR,27,2
BMI,PCN,13,2
BMI,BOG,7,4
BMJ,UB,9,4
BMJ,SDDN,18,2
BMK,DABN,10,1
BMK,MBY,9,1
BMKD,SAP,18,1
BMKD,PGRL,13,1
BMKI,CAA,31,18
BMKI,SGL,22,27
BMKI,PPA,21,9
BMKI,BTH,44,2
BMNL,JDL,8,1
BMNL,DHRR,7,1
BMO,MZL,58,2
BMO,SC,13,2
BMO,MED,13,9
BMO,MJF,10,10
BMO,GWV,10,1
BMO,GDPL,5,3
BMO,CVB,4,2
BMO,BOZ,2,1
BMPL,ME,6,1
BMPL,MOB,8,1
BMPR,RRP,24,4
BMR,SRID,12,4
BMRN,DWK,17,2
BMRN,MTHP,2,2
BMSB,CHIB,10,2
BMSB,GIMB,14,2
BMT,LPI,18,32
BMT,SC,5,44
BMT,VKB,68,4
BMT,RC,278,2
BMT,HYB,7,8
BMT,SNF,4,13
BMT,KQD,5,3
BMT,TDU,110,4
BMU,SFG,5,2
BMU,MRE,9,2
BN,NLDA,77,3
BN,SC,33,5
BN,GT,13,5
BN,GNT,248,1
BN,RMNP,42,2
BNA,SOQ,8,1
BNA,BNP,10,3
BNA,GDG,35,2
BNBH,MCS,3,2
BNBR,KHF,9,2
BNBR,SORO,9,4
BNBR,PNPN,5,2
BNC,HSRA,55,2
BNC,KJM,9,2
BNCE,GBD,79,1
BNCE,SBC,7,12
BNCE,YNK,20,3
BNCE,JTJ,133,1
BNCE,KJM,7,3
BNCE,BWT,64,1
BNCE,BYPL,4,1
BNCE,CRLM,16,2
BNDA,MBA,53,26
BNDA,CKTD,69,10
BNDA,KID,10,2
BNDA,DWI,10,2
BNDA,RGU,40,10
BNDA,KHU,18,2
BNDI,PSLI,7,2
BNDI,MLGH,15,2
BNDM,MOU,33,2
BNDM,ROU,7,3
BNDM,NXN,21,1
BNDP,GZO,28,8
BNDP,GRMP,13,12
BNDP,EKI,42,4
BNE,GAR,13,6
BNE,KY,15,6
BNG,RTM,47,12
BNG,FTD,32,12
BNG,RNJ,16,2
BNG,INDB,71,2
BNGM,KRW,10,1
BNGN,NBQ,3,10
BNGN,SBE,34,4
BNI,NDPM,7,4
BNI,ODG,31,4
BNK,TTR,5,1
BNK,RDI,6,1
BNKH,GHL,7,1
BNKH,DBL,4,1
BNKI,PRNA,36,2
BNKI,MRIJ,20,6
BNKI,PRNC,31,6
BNKI,JNKR,8,2
BNKI,SRSI,10,1
BNKI,SKHK,6,1
BNL,TKBN,4,6
BNL,SNKG,3,4
BNLS,MKBH,3,2
BNLS,RMN,6,2
BNLW,CKB,43,2
BNLW,DPA,59,24
BNLW,SWM,65,16
BNLW,ISA,26,10
BNLW,CHNN,13,4
BNLW,SRAS,16,4
BNLW,SNGN,54,4
BNN,DUI,31,14
BNN,PUL,32,8
BNN,TAPA,19,6
BNO,RKB,13,2
BNO,JWL,8,2
BNO,JUCT,7,2
BNOD,MRSH,25,2
BNOD,WOC,11,2
BNP,KBL,13,7
BNP,GDG,45,4
BNQ,NMZ,38,2
BNQ,DLO,15,2
BNQ,NKB,18,2
BNQ,BNV,5,2
BNR,HJP,19,16
BNR,MFP,35,8
BNR,GRL,8,8
BNSA,TPU,10,4
BNSA,KHMA,14,4
BNT,PHD,36,8
BNT,ETW,20,12
BNT,KNS,45,4
BNTH,SHH,5,2
BNTH,LAL,6,2
BNTL,KBPR,24,14
BNTL,MAJN,19,12
BNTL,SL,39,2
BNU,DMO,15,10
BNU,KMZ,93,6
BNU,SYA,45,2
BNU,GEA,11,2
BNV,DLO,9,6
BNV,NMZ,44,8
BNV,NKB,23,2
BNV,HSA,34,4
BNVD,PBR,52,5
BNVD,LPJ,36,4
BNVD,WSJ,18,3
BNVD,JAM,87,4
BNW,KLNK,29,8
BNW,HSR,61,15
BNW,CKD,27,16
BNW,ROK,50,4
BNW,SUI,9,3
BNW,MHU,14,3
BNW,BWK,18,5
BNW,KHRK,21,2
BNW,HNS,37,1
BNW,DZL,7,2
BNW,RE,83,3
BNXR,SDAH,7,8
BNXR,DAKE,9,4
BNXR,NH,34,4
BNY,PPW,16,10
BNY,SDDN,40,4
BNY,TLR,38,4
BNY,SOT,22,8
BNY,PRZ,13,2
BNZ,GD,113,8
BNZ,LJN,11,8
BNZ,GTNR,4,11
BNZ,LC,7,8
BOBS,JOB,7,2
BOBS,DNK,11,3
BOBS,DHND,12,1
BOD,RTM,10,4
BOD,RNH,8,4
BOE,MLDT,88,20
BOE,KNE,57,48
BOE,KIR,41,22
BOE,HCR,33,12
BOE,RGJ,21,4
BOE,DLK,29,14
BOE,SM,53,8
BOE,SUD,12,4
BOE,NJP,145,2
BOE,KDPR,27,2
BOF,SOL,4,10
BOF,KMTI,4,5
BOF,DMP,9,7
BOF,SML,54,2
BOG,RTM,38,1
BOG,RTI,11,2
BOI,PDA,10,1
BOI,MYM,11,1
BOJ,LXA,20,2
BOJ,SPK,14,3
BOJ,NTSK,68,2
BOJ,SLGR,34,4
BOJ,NAM,32,2
BOJ,SFR,10,1
BOKE,RN,7,1
BOKE,UKC,13,1
BOKO,SNCA,8,2
BOKR,MUE,23,6
BOKR,HEM,43,4
BOKR,HDGR,22,2
BOMN,CHKE,30,5
BOMN,MOMU,17,5
BONA,HNPA,7,2
BONA,JRPD,15,4
BONA,RAIR,47,8
BOR,VR,43,6
BOR,VAPI,69,30
BOR,BSR,52,22
BOR,PLG,12,10
BOR,DRD,21,7
BOR,BVI,69,7
BOR,VGN,9,7
BOR,UOI,6,1
BORA,NAK,13,2
BORA,SGUJ,10,8
BORA,TKG,46,6
BOW,BSRL,11,2
BOW,MKN,6,2
BOY,SAW,16,8
BOY,PRF,8,8
BOY,BSB,45,20
BOY,BSBS,46,7
BOY,MOF,8,4
BOY,JNH,31,16
BOY,MBDP,84,8
BOY,PRYJ,90,2
BOY,LOT,38,1
BOY,SWPR,22,2
BP,SDAH,25,2
BP,NH,16,8
BP,KOAA,18,4
BP,RHA,51,2
BP,SEP,6,1
BP,DDJ,15,3
BPA,SKZR,39,42
BPA,MCI,20,32
BPA,BPQ,109,5
BPA,RVKH,13,2
BPA,MMZ,9,4
BPA,RECH,11,4
BPA,PDPL,52,7
BPA,RDM,34,6
BPB,NKMG,21,18
BPB,NHLG,71,30
BPB,SCL,30,18
BPB,DMR,86,4
BPB,KTX,10,4
BPB,SQF,6,2
BPB,KXJ,22,2
BPB,BXG,8,2
BPB,JGLP,60,2
BPB,HJI,205,2
BPB,NHGJ,51,4
BPC,CSZ,4,6
BPC,MBB,11,4
BPC,SGV,9,3
BPC,NBPH,5,1
BPD,KNJ,7,3
BPD,DHU,6,3
BPE,HIJ,8,2
BPE,NYA,11,2
BPF,TBN,28,7
BPF,ET,33,10
BPF,HD,43,3
BPF,PGL,15,2
BPF,DKI,8,2
BPH,RIG,51,12
BPH,BRJN,9,10
BPH,JSGR,20,2
BPH,IB,12,4
BPH,HGR,14,4
BPHB,DURG,10,27
BPHB,R,27,27
BPHB,BQR,6,6
BPK,WR,11,1
BPK,SNN,6,1
BPL,RKMP,6,71
BPL,SCI,44,3
BPL,SHRN,13,33
BPL,ET,92,98
BPL,BSL,397,12
BPL,LAR,201,12
BPL,KNW,274,4
BPL,VGLJ,291,57
BPL,NDPM,74,10
BPL,NGP,387,24
BPL,UJN,186,10
BPL,SMT,37,4
BPL,SJP,83,8
BPL,SEH,41,8
BPL,MKC,146,4
BPL,DWX,181,2
BPO,KUCE,11,2
BPO,JSE,13,5
BPO,VZR,3,5
BPO,BTQ,27,2
BPP,CLX,15,55
BPP,NDO,21,26
BPP,TEL,42,37
BPP,OGL,64,8
BPP,SPF,7,2
BPQ,CD,14,102
BPQ,SKZR,70,100
BPQ,NGP,209,71
BPQ,SC,376,4
BPQ,KZJ,237,11
BPQ,CAF,11,2
BPQ,BZA,453,6
BPQ,RDM,142,17
BPQ,NAB,118,8
BPQ,WL,244,44
BPQ,KCG,376,2
BPQ,GNVR,6,1
BPQ,G,249,10
BPQ,WSA,146,2
BPQ,MCI,128,5
BPQ,SEGM,133,3
BPR,PBE,39,10
BPR,IZN,12,12
BPR,DRN,14,2
BPR,KHH,47,2
BPRA,MBA,11,2
BPRA,KBR,11,2
BPRD,RNY,65,32
BPRD,NBQ,44,32
BPRD,NLV,48,6
BPRD,SBE,8,4
BPRD,PBL,21,4
BPRD,NJP,299,2
BPRH,KTHD,5,2
BPRH,CPH,8,2
BPRS,JUC,28,2
BPRS,TDO,13,2
BPS,JTL,5,3
BPS,NRX,5,3
BPZ,LKU,38,6
BPZ,KPV,20,8
BPZ,GUB,16,2
BQA,MDN,103,12
BQA,VSU,30,22
BQA,ODM,15,6
BQA,JPH,23,2
BQA,CJN,14,10
BQA,BXL,7,3
BQA,HIJ,121,4
BQE,PUD,8,2
BQE,SHRN,8,2
BQG,JJG,12,5
BQG,LGL,12,4
BQG,PRTL,4,4
BQG,SBNM,7,3
BQI,MAP,23,7
BQI,SA,44,11
BQI,SLY,46,2
BQI,JTJ,80,2
BQM,BXY,9,4
BQM,NVG,7,4
BQN,SOD,5,1
BQN,CNL,10,1
BQP,RRS,22,2
BQP,ON,32,4
BQP,TQA,10,2
BQP,KULH,4,1
BQP,IDM,5,1
BQQ,SYA,12,2
BQQ,REI,7,2
BQR,DURG,4,6
BQSP,MNP,3,2
BQSP,JMU,11,2
BQU,VMU,10,3
BQU,POA,5,3
BQU,CIV,20,1
BQU,RAL,10,1
BQW,GMR,6,1
BQW,CSA,4,1
BR,NGLT,6,2
BRAG,GHNH,16,2
BRAG,CTC,12,2
BRAG,GBK,7,2
BRBS,GMH,9,4
BRBS,SINI,7,4
BRC,ST,129,159
BRC,GDA,72,49
BRC,RTM,257,83
BRC,MMCT,392,6
BRC,MAN,95,1
BRC,DHD,144,18
BRC,VS,3,8
BRC,EKNR,83,14
BRC,MYG,30,8
BRC,ND,53,9
BRC,VDA,19,4
BRC,SMLA,25,2
BRC,DRL,49,2
BRC,PLJ,45,1
BRC,VRE,51,1
BRC,RNO,11,1
BRC,ITA,18,1
BRC,UDN,133,2
BRC,CYI,6,1
BRD,KP,48,19
BRD,TMR,18,30
BRD,NGP,62,18
BRD,G,68,8
BRD,SAL,37,1
BRD,KHAT,10,2
BRD,KOKA,8,2
BRE,PRYJ,37,8
BRE,CNB,157,2
BRE,SYWN,15,1
BRE,SRO,20,8
BRE,SFG,34,1
BRE,MRE,20,2
BRE,FTP,79,2
BRE,MNJ,8,1
BRG,DBR,16,2
BRG,SRJ,17,2
BRG,KTDD,5,4
BRG,MJHR,7,4
BRGA,SBP,43,34
BRGA,HKG,35,10
BRGA,BRPL,19,16
BRGJ,DGN,18,2
BRGJ,KNW,5,2
BRGL,SHNR,10,2
BRGM,KXJ,22,2
BRGM,DLCR,29,2
BRGM,PTKD,8,2
BRGM,NLBR,7,2
BRGT,MML,13,6
BRGW,SGAM,37,7
BRGW,SGRL,19,17
BRGW,GAJB,27,2
BRGW,KMZ,243,4
BRH,KTO,17,4
BRH,NPRD,21,4
BRH,SJQ,37,4
BRHI,KQR,22,2
BRHI,HZBN,57,2
BRI,KKN,13,2
BRI,PAL,10,2
BRJN,RIG,60,10
BRJN,JSG,11,14
BRJN,JSGR,11,6
BRK,PDR,26,2
BRK,CLW,12,2
BRKA,PTRU,20,12
BRKA,RRME,9,2
BRKA,RMT,5,10
BRKA,MURI,58,6
BRKA,TORI,85,4
BRKA,GMIA,52,2
BRKA,HZBN,57,4
BRKA,MESR,54,4
BRKA,KLRE,56,2
BRKA,DTO,185,6
BRKA,PUS,73,2
BRKY,DER,4,1
BRM,RKSN,9,6
BRM,CKP,11,6
BRMD,NIM,9,3
BRMO,PUS,5,2
BRN,CMR,7,1
BRN,MTI,8,1
BRNA,KUH,6,2
BRNA,NAD,8,2
BRPL,DJX,14,6
BRPL,LSX,38,4
BRPS,DUMK,14,6
BRPS,NNHT,11,6
BRQ,SVQ,12,2
BRQ,ODB,4,2
BRR,KMME,3,12
BRR,ULT,3,11
BRR,DHN,42,13
BRR,CRJ,20,10
BRRG,PFR,30,18
BRRG,RTA,77,16
BRRG,KHRJ,53,2
BRRG,CBK,30,14
BRRG,SFY,88,12
BRRG,MKC,117,4
BRRG,GUNA,97,2
BRRZ,DMW,6,1
BRRZ,JPD,7,1
BRS,UMR,30,14
BRS,SDL,37,20
BRS,NRZB,7,6
BRST,JPRD,4,2
BRST,SIL,5,4
BRST,DEG,6,2
BRTK,PDP,8,4
BRU,HIR,8,2
BRU,BUG,19,2
BRUD,CAER,10,2
BRUD,DRHI,10,2
BRVR,SHF,6,2
BRVR,MHAD,11,2
BRW,KKP,18,2
BRW,MKS,14,2
BRWD,DTO,27,17
BRWD,LTHR,41,15
BRWD,CPDR,10,2
BRY,BTG,15,2
BRY,CH,69,4
BRYA,LKR,15,24
BRYA,HTZ,11,25
BRYA,DKGS,16,2
BRYA,KIUL,16,6
BRYA,DMRX,5,8
BRYA,JLPH,3,1
BRYA,HTZU,10,6
BRZ,JHL,14,8
BSAE,TBAE,3,1
BSB,BSBS,4,35
BSB,PRYJ,124,11
BSB,MAU,93,14
BSB,SWPR,22,2
BSB,MZP,75,10
BSB,PCOI,156,17
BSB,JOP,57,26
BSB,DDU,18,87
BSB,SLN,143,18
BSB,LKO,283,10
BSB,KEI,6,22
BSB,MBDP,128,13
BSB,JNH,75,2
BSB,GYN,59,9
BSB,GCT,75,12
BSB,BTP,18,13
BSB,JNU,58,24
BSB,JLL,40,5
BSB,JKN,64,1
BSB,SRNT,11,1
BSB,LOT,6,1
BSB,CHH,15,1
BSB,SHG,90,4
BSB,CAR,44,2
BSB,PDRD,24,2
BSB,BUI,141,4
BSB,ZBD,51,1
BSBR,MRR,5,1
BSBR,RJG,7,1
BSBS,GYN,56,27
BSBS,CHH,17,1
BSBS,MBS,43,2
BSBS,PRYJ,121,6
BSBS,SWPR,24,5
BSBS,LOT,7,1
BSBS,GCT,79,2
BSC,KJY,16,2
BSC,HPU,41,3
BSC,KRJ,23,2
BSDP,NKP,7,4
BSDP,KAPG,10,4
BSDR,KNGR,13,2
BSDR,GNPR,12,2
BSDR,PLSG,6,2
BSDR,LRI,7,2
BSE,JNH,16,10
BSE,MBDP,37,4
BSE,MBDD,22,5
BSE,GRX,12,1
BSGN,SLKX,7,4
BSGN,DTX,8,4
BSI,MTJR,7,5
BSI,MONJ,8,5
BSJ,FAN,12,2
BSJ,KIN,11,2
BSKH,DUMK,22,4
BSKH,GRMA,23,6
BSKH,JAMA,10,2
BSKO,JHIR,6,2
BSKO,JW,4,2
BSKR,MZM,11,4
BSL,NK,257,39
BSL,HD,231,10
BSL,JL,25,161
BSL,MKU,51,56
BSL,MMR,184,101
BSL,KNW,123,87
BSL,VNA,13,3
BSL,ET,306,41
BSL,SAV,16,4
BSL,RV,34,10
BSL,KYN,391,11
BSL,NN,78,4
BSL,NGP,393,10
BSL,CSMT,444,2
BSL,LTT,428,5
BSL,NDB,175,14
BSL,IGP,308,1
BSL,RKMP,391,2
BSL,CSN,117,3
BSL,SEG,103,6
BSL,WR,314,2
BSLE,SNT,8,3
BSN,TK,49,4
BSN,TTR,20,2
BSP,BYT,45,44
BSP,R,109,55
BSP,JSG,205,15
BSP,CPH,53,26
BSP,RIG,133,24
BSP,TATA,470,4
BSP,BYL,15,7
BSP,DPH,7,1
BSP,KTSH,21,1
BSP,USL,8,8
BSP,JRMG,14,2
BSP,KGB,32,2
BSP,PND,101,11
BSP,SDL,192,2
BSP,KHS,99,2
BSPH,KIU,5,1
BSPH,JIND,7,1
BSPN,FGSB,5,2
BSPN,MRND,15,2
BSPR,KTO,41,2
BSPR,KJZ,14,2
BSPR,SJQ,20,2
BSPX,MMVR,8,2
BSPX,JRLI,11,2
BSPX,KDJR,56,6
BSPX,DPS,34,4
BSPX,CBSA,90,2
BSQP,MNP,7,4
BSQP,KIUL,7,4
BSR,BVI,17,9
BSR,TNA,49,1
BSR,ST,216,39
BSR,VAPI,121,31
BSR,DRD,72,11
BSR,PNVL,65,54
BSR,PUNE,181,2
BSR,LNL,116,2
BSR,KYN,43,34
BSR,JCNR,4,1
BSR,PLG,39,15
BSR,VR,8,5
BSR,BYR,9,1
BSRL,GCH,12,2
BSRX,KDGI,5,1
BSRX,LMT,18,12
BSRX,IMR,39,2
BSRX,MVD,19,2
BSSL,COR,26,2
BSSL,PSLI,15,6
BSSL,CNA,19,4
BST,BV,31,24
BST,KLD,30,81
BST,GKP,65,58
BST,GD,89,64
BST,MUR,62,43
BST,TH,15,2
BST,MND,15,2
BST,GAUR,23,4
BSTP,NANR,9,2
BSTP,STBJ,13,2
BSWA,TQA,6,1
BSWA,RRS,5,1
BSX,NZB,30,34
BSX,MUE,59,14
BSX,NED,81,2
BSX,DAB,10,20
BSX,NVT,14,2
BSZ,RGU,17,8
BSZ,JSB,11,2
BSZ,HAR,23,4
BSZ,CNB,85,2
BTA,DNR,17,21
BTA,SDE,4,5
BTA,PNBE,27,1
BTA,KWR,8,1
BTC,G,41,12
BTC,LTA,41,2
BTC,NIR,75,10
BTD,SRGT,75,12
BTD,DLJ,43,32
BTD,JVN,72,8
BTD,DCK,50,8
BTD,RUR,22,5
BTD,LM,48,6
BTD,NGA,18,2
BTD,LTD,11,1
BTE,BXN,41,24
BTE,MTJ,34,71
BTE,NBI,28,18
BTE,JP,187,15
BTE,SWM,182,20
BTE,NZM,167,2
BTE,HK,12,1
BTE,NHB,7,1
BTE,HAN,75,8
BTE,GGC,119,10
BTE,DO,126,2
BTE,KOTA,291,1
BTG,NSU,5,2
BTGH,CKVD,15,2
BTGH,HLV,5,2
BTH,SGL,22,26
BTH,NKE,36,25
BTH,CAI,16,5
BTH,MJL,9,2
BTI,MAUR,34,10
BTI,GNA,12,8
BTI,PUL,32,8
BTI,MBY,37,15
BTI,GDB,28,10
BTI,SSA,75,4
BTI,JHL,98,2
BTI,GHB,10,2
BTI,BTIC,8,2
BTI,KNL,43,4
BTI,KKP,42,2
BTI,PTRL,30,1
BTI,RMN,29,3
BTI,FDK,55,2
BTI,GJUT,26,4
BTI,FZR,88,4
BTI,MSZ,53,2
BTI,GSW,11,1
BTI,BWX,9,2
BTI,HMH,93,2
BTI,DUI,96,2
BTIC,PUL,24,2
BTJL,MRDW,14,20
BTJL,BYNR,16,26
BTJL,KAWR,109,6
BTJL,UD,81,4
BTJL,KT,55,4
BTJL,KUDA,49,4
BTJL,GOK,74,2
BTJL,HNA,41,2
BTJL,CTTP,6,2
BTJL,SHMI,8,2
BTK,MW,7,5
BTKP,BUS,12,2
BTKP,SWC,7,2
BTO,NRS,14,2
BTP,KSF,10,5
BTP,JNU,38,6
BTP,JOP,39,2
BTPD,TPY,8,2
BTQ,KCV,11,5
BTQ,JOL,6,2
BTQ,JRG,12,3
BTQ,ROP,24,2
BTS,JER,20,7
BTS,ROP,10,4
BTS,NMBR,4,4
BTSD,NAD,6,2
BTSD,PPG,5,2
BTSR,MROA,9,2
BTSR,MTJ,3,4
BTSR,GDO,23,2
BTT,DEOS,21,62
BTT,SRU,11,20
BTT,MW,27,2
BTT,SV,49,20
BTT,NRA,8,2
BTT,MAU,68,4
BTTR,NLR,34,14
BTTR,KVZ,17,14
BTTR,PGU,30,2
BTU,DSA,49,2
BTU,KQL,25,2
BTV,MZZ,9,2
BTV,JJKR,11,4
BTV,DLPT,6,2
BTV,KRIH,6,2
BTVA,CPP,5,1
BTVA,SGDM,9,1
BTW,KWV,38,19
BTW,UMD,36,19
BTX,HPP,22,4
BTX,KLAR,9,4
BTX,GTI,12,2
BTX,MBA,30,2
BTY,KNJ,28,6
BTY,DEB,13,2
BTY,PLY,23,4
BTY,SVH,4,4
BTY,MGM,11,4
BU,RHG,12,8
BU,GLNA,6,2
BU,SRRG,6,2
BUA,SKT,14,8
BUA,CPH,16,6
BUA,KHS,30,2
BUA,SGRD,6,4
BUB,CUR,12,2
BUB,FPS,31,2
BUBR,PDF,8,2
BUDA,KPO,3,1
BUDA,MURD,5,1
BUDI,KOTA,38,16
BUDI,MLGH,68,5
BUDI,CNA,124,10
BUDI,SMPA,47,2
BUDI,SNAR,10,2
BUDI,THEA,14,2
BUDI,SGAC,38,1
BUDM,SFC,8,2
BUDM,TIG,20,4
BUE,NDON,4,1
BUE,DURE,7,1
BUG,NKE,42,10
BUG,GKP,109,4
BUG,HIR,27,15
BUG,SBZ,43,12
BUG,CPJ,69,7
BUG,PNYA,22,4
BUGL,DPK,3,1
BUH,SDL,20,23
BUH,CHDX,7,2
BUI,RSR,32,13
BUI,GCT,65,31
BUI,CPR,65,32
BUI,YFP,46,12
BUI,SIP,36,26
BUI,STW,17,8
BUI,MAU,69,6
BUI,KMDR,32,4
BUI,CHR,21,1
BUI,CBN,17,2
BUI,JNU,165,2
BUJ,TGA,5,1
BUM,RAM,6,1
BUM,KPD,9,1
BUP,SGG,18,39
BUP,JMP,11,37
BUP,KPRD,5,5
BUP,RPUR,4,5
BUP,MGR,14,2
BUPH,CD,5,1
BUPH,GNVR,3,1
BURN,MDKD,9,3
BURN,JOC,32,4
BUT,UTL,35,6
BUU,UDR,12,2
BUU,MYR,14,4
BUU,GNWA,6,2
BUW,CLJ,32,4
BUW,GD,60,21
BUW,JLD,16,6
BUW,STP,98,17
BUW,TSF,22,2
BUX,WANI,22,2
BUX,CD,24,6
BUX,WRR,21,4
BUX,MJRI,9,1
BUX,TAE,10,1
BV,MSW,16,16
BV,MUR,31,8
BV,GAUR,8,6
BV,GD,59,4
BV,SNC,12,2
BVA,HWH,24,1
BVA,FLR,6,1
BVC,DLJ,49,2
BVC,SGD,28,2
BVC,BVP,2,13
BVC,SOJN,20,6
BVH,FDB,8,7
BVH,PWL,21,7
BVH,MTJ,105,4
BVH,NZM,28,7
BVH,KSV,63,3
BVH,FDN,4,2
BVI,MMCT,30,36
BVI,VAPI,138,94
BVI,ST,233,20
BVI,PLG,57,27
BVI,DDR,24,28
BVI,DRD,89,9
BVI,VR,26,14
BVI,BYR,9,1
BVL,MPU,8,3
BVN,MMB,26,2
BVN,STP,34,2
BVO,DHNE,10,3
BVO,VDI,10,3
BVP,SOJN,18,10
BVP,SGD,25,2
BVP,VTJ,7,1
BVQ,KOV,13,8
BVQ,SLI,20,8
BVR,VNR,7,1
BVRM,BVRT,2,12
BVRM,TNKU,29,2
BVRM,PKO,20,2
BVRM,VVM,10,6
BVRM,SGKM,7,2
BVRT,TNKU,29,24
BVRT,PKO,22,6
BVRT,UNDI,8,2
BVRT,KKLR,35,6
BVRT,NDD,46,2
BVU,RPAN,9,4
BVU,VNE,41,2
BVU,DQL,15,2
BW,SHGN,5,1
BWB,PTRL,4,1
BWB,SGF,9,1
BWC,SGNR,15,2
BWC,FSW,8,1
BWC,SDS,14,1
BWH,USK,4,1
BWH,KKRH,4,1
BWI,SHG,11,6
BWI,MLPR,13,6
BWIP,LJR,31,2
BWIP,JNRD,24,2
BWIP,DPUR,13,2
BWK,JKZ,9,3
BWK,SUI,9,3
BWK,HNS,19,5
BWL,HSI,24,2
BWL,RE,15,8
BWL,MJNL,6,2
BWL,KRH,32,2
BWM,GOH,23,8
BWM,RMA,28,31
BWM,VMA,85,4
BWM,KOTA,101,18
BWM,SGZ,34,20
BWM,SVA,46,2
BWM,NAD,125,11
BWM,JHW,17,4
BWM,RTM,166,8
BWN,DGR,62,70
BWN,HWH,95,51
BWN,DKAE,80,10
BWN,MDP,186,2
BWN,KOAA,100,14
BWN,PAN,47,18
BWN,SDAH,107,13
BWN,GKH,33,14
BWN,MNAE,37,8
BWN,KQU,61,6
BWN,PDA,47,1
BWN,KAN,13,2
BWN,MYM,26,1
BWN,TIT,7,3
BWN,DAKE,91,8
BWN,NH,77,8
BWN,RPH,112,2
BWO,RJLK,6,2
BWO,KUCE,12,2
BWR,ORC,11,2
BWR,NEW,9,8
BWR,VGLJ,22,6
BWRA,GNQ,6,2
BWRA,KSWR,11,2
BWS,NGO,14,2
BWS,NOK,37,2
BWSN,GGN,7,5
BWSN,SMDP,3,4
BWSN,PM,6,1
BWT,WFD,47,23
BWT,JTJ,70,34
BWT,KJM,55,51
BWT,KPN,31,33
BWT,YPR,78,2
BWT,MLO,27,6
BWT,SBC,70,1
BWT,TPT,84,6
BWT,SA,191,15
BWT,SMVB,64,1
BWT,TCL,12,4
BWT,KSM,9,1
BXC,HSR,32,4
BXC,UKN,15,2
BXC,DUI,116,2
BXG,NKMG,13,2
BXJ,DMV,14,6
BXJ,FKG,56,4
BXJ,SZR,22,2
BXK,DTC,4,2
BXK,DCA,8,2
BXL,ODM,8,2
BXL,KISN,4,1
BXN,HAN,33,30
BXN,SMVJ,43,2
BXN,GGC,77,16
BXN,SWM,140,2
BXN,FSP,19,6
BXN,RBS,34,12
BXN,KOTA,249,2
BXN,FTS,48,1
BXP,SZR,9,4
BXP,FKG,25,4
BXQ,JSGR,5,2
BXQ,LPG,8,2
BXR,ZNA,50,6
BXR,DDU,90,143
BXR,DLN,36,24
BXR,DURE,17,30
BXR,CSA,11,6
BXR,PNBE,117,6
BXR,GMR,20,6
BXR,RPR,33,2
BXR,KKRH,24,2
BXR,PWXP,6,1
BXR,NDON,5,1
BXT,DHH,22,4
BXY,NVG,16,4
BYC,RDG,59,4
BYC,TNGL,28,4
BYC,DAJ,21,2
BYD,RNR,18,10
BYD,HVR,14,10
BYL,BYT,30,7
BYL,DGS,7,1
BYL,DPH,8,1
BYN,SKRI,3,1
BYNR,KUDA,34,34
BYNR,UD,65,6
BYNR,MRDW,30,4
BYNR,KT,70,4
BYNR,HNA,57,2
BYNR,SHMI,8,2
BYP,KKNH,5,2
BYP,MEE,7,2
BYPL,SBC,10,1
BYPL,KJM,4,2
BYQ,LLJ,5,1
BYQ,DMW,8,1
BYS,MALK,6,3
BYT,TLD,26,40
BYT,R,64,42
BYT,USL,51,30
BYT,DGS,23,1
BZA,MDR,57,19
BZA,EE,60,119
BZA,NGNT,31,8
BZA,VZM,397,4
BZA,RU,376,10
BZA,OGL,138,91
BZA,RJY,149,52
BZA,MAS,430,7
BZA,KMT,101,62
BZA,TEL,31,77
BZA,WL,209,62
BZA,PER,430,15
BZA,DVD,333,8
BZA,CLX,89,4
BZA,GNT,33,47
BZA,GDR,293,33
BZA,SLO,200,2
BZA,NLR,254,22
BZA,MS,434,3
BZA,NYP,320,2
BZA,MAG,12,21
BZA,NZD,41,13
BZA,GDV,44,45
BZA,KI,17,6
BZA,KHT,353,1
BZA,YP,41,2
BZA,KCC,6,5
BZA,TGU,26,1
BZA,PVD,12,5
BZA,MDUN,4,2
BZA,KZJ,221,2
BZA,VSKP,350,4
BZA,TDD,107,2
BZA,GWM,20,2
BZG,PHR,14,2
BZG,NRM,6,2
BZLE,KGLE,28,9
BZLE,TYAE,7,1
BZLE,SALE,14,7
BZLE,KWAE,31,1
BZM,KTRR,13,2
BZM,CNB,14,2
BZN,MCA,13,9
BZN,ULB,13,9
BZN,SRC,38,5
BZN,PKU,26,4
BZN,KGP,70,1
BZO,UCA,11,4
BZO,JIND,8,4
BZU,GDYA,37,36
BZU,ET,106,44
BZU,NGP,188,29
BZU,KATL,129,1
BZU,MTY,46,2
BZU,RKMP,193,2
BZU,PAR,86,8
BZU,MALK,7,3
BZU,MJY,8,3
BZY,TBT,13,4
CAA,MFP,48,6
CAA,MAI,9,21
CAA,PPA,10,9
CAER,TLV,30,6
CAER,KKN,31,8
CAER,KNW,45,4
CAER,HD,62,2
CAER,CKKD,8,2
CAF,WSA,136,2
CAF,NAB,107,2
CAG,RTA,39,10
CAG,SYL,16,8
CAG,GUNA,60,2
CAI,NKE,20,5
CAN,PAY,33,26
CAN,TLY,21,63
CAN,KGQ,86,44
CAN,CLT,89,39
CAN,PAZ,22,5
CAN,KPQ,14,11
CAN,QLD,65,1
CAN,KZE,63,1
CAN,VAPM,6,4
CAN,MAJN,133,6
CAO,GRH,11,2
CAP,KIT,37,8
CAP,GAM,9,6
CAP,JNP,13,2
CAP,KUR,125,2
CAPE,NCJ,16,22
CAPE,TEN,89,1
CAR,DDU,32,15
CAR,MZP,31,30
CAR,SBDR,75,6
CAR,PRYJ,121,2
CAR,KYT,10,1
CAR,SKGH,21,4
CAR,KEI,39,4
CASA,VU,8,2
CASA,SNLR,9,2
CBCC,MSH,62,8
CBCC,VG,54,10
CBCC,GNC,22,8
CBCC,SBT,6,2
CBE,PGT,55,97
CBE,TUP,49,122
CBE,IGU,18,2
CBE,ED,100,14
CBE,CBF,3,11
CBE,MTP,35,6
CBE,PTJ,6,12
CBE,CNV,24,2
CBF,TUP,48,9
CBF,PLMD,7,2
CBH,PSB,12,2
CBH,HZD,10,2
CBJ,MIL,32,2
CBK,RTA,47,8
CBK,KHRJ,22,6
CBM,MRK,26,12
CBM,GID,34,13
CBM,JBK,7,3
CBM,TLU,14,6
CBM,SDV,19,2
CBN,KMDR,15,2
CBSA,SINI,35,2
CBSA,DPS,56,6
CBSA,CNI,65,2
CBSA,RKSN,22,2
CBSA,TATA,64,2
CBSA,SIPA,8,1
CBSA,PRSL,9,1
CBT,SQQ,5,2
CBU,VM,22,2
CBU,VI,8,2
CBY,KLWD,4,2
CBZ,DMR,12,2
CBZ,KKGT,19,2
CC,DEOS,25,5
CC,GKP,25,12
CC,GB,9,10
CC,GKC,22,2
CC,SANR,6,1
CCA,DMM,12,4
CCA,ZPL,9,4
CCD,GDKP,9,2
CCD,HTN,6,2
CCH,LNL,47,4
CCH,PMP,2,7
CCH,TGN,18,8
CCH,PUNE,17,10
CCH,KK,10,1
CCH,SVJR,14,1
CCH,PNVL,104,2
CCI,MGB,21,4
CCI,DMM,14,4
CCL,SAT,9,1
CCL,KIZ,7,1
CCO,MTWN,7,4
CCO,GBRI,7,4
CCP,SAK,6,1
CCP,JJW,6,1
CCT,COA,3,12
CCT,SLO,13,18
CCT,RJY,63,2
CD,SEGM,119,42
CD,HGT,85,10
CD,NGP,195,30
CD,WRR,47,6
CD,TAE,15,1
CD,WR,119,8
CDA,LM,10,1
CDA,RUR,16,1
CDB,HZD,18,2
CDB,PNME,9,2
CDD,DB,18,6
CDD,EKNR,32,6
CDG,UMB,45,65
CDG,LDH,111,7
CDG,KLK,25,8
CDG,SASN,12,20
CDG,CNDM,9,4
CDG,NMDA,44,2
CDG,DKT,36,1
CDG,DDL,104,1
CDGR,SLB,11,13
CDGR,GBA,12,11
CDGR,VSU,37,4
CDGR,MDN,35,2
CDH,PDX,6,1
CDH,SMX,5,1
CDH,KYI,14,3
CDH,RHA,11,3
CDM,TDPR,42,13
CDM,SY,17,41
CDM,CUPJ,38,30
CDM,VM,85,4
CDM,MV,37,7
CDM,PO,11,1
CDS,PNU,13,2
CDS,DISA,15,2
CEL,PUA,8,2
CEL,TDD,14,2
CGF,NTSK,6,1
CGF,DJG,10,1
CGI,TPW,10,3
CGI,KEN,3,3
CGI,TPTY,12,1
CGI,PAM,18,1
CGL,TBM,31,94
CGL,VM,103,53
CGL,MLMR,35,43
CGL,MMK,24,8
CGL,MS,55,8
CGL,CJ,36,6
CGN,VGLJ,32,6
CGN,MOTH,23,6
CGON,MRZA,15,2
CGR,SRP,12,2
CGR,SHE,10,4
CGR,CNS,3,5
CGR,HWH,32,2
CGS,RNY,26,2
CGS,KYQ,15,2
CGY,KTYM,18,55
CGY,TRVL,8,51
CGY,CNGR,17,2
CGY,KYJ,38,2
CH,RJK,20,6
CH,STP,224,4
CH,MB,44,18
CH,DUB,25,2
CH,SPN,133,2
CHA,DOA,9,1
CHA,KNN,11,1
CHAF,KKT,7,1
CHAF,DUE,5,1
CHAR,JUJA,17,2
CHAR,RAIR,15,2
CHCR,SAL,7,2
CHCR,TAR,6,2
CHD,KTE,40,4
CHD,UMR,19,10
CHD,KTES,41,2
CHD,KMZ,41,4
CHDX,SDL,13,2
CHE,VZM,69,89
CHE,PSA,73,89
CHE,NWP,47,10
CHE,CPP,39,14
CHE,TIU,19,6
CHE,PDU,16,8
CHE,DUSI,6,3
CHE,ULM,10,3
CHH,SWPR,7,3
CHH,LOT,11,1
CHI,KHED,29,41
CHI,SGR,43,10
CHI,SVX,18,22
CHI,VEER,81,2
CHI,RN,76,36
CHI,PNVL,206,21
CHI,MNI,97,4
CHI,KMAH,10,1
CHJ,MTJ,31,6
CHJ,KSV,10,6
CHK,CNBI,8,1
CHK,RXM,4,1
CHKE,MOMU,48,2
CHKE,CTA,35,4
CHKE,THKU,15,2
CHL,WAIR,5,1
CHL,GNRL,4,1
CHLK,DXG,8,4
CHLK,PLD,11,4
CHM,UDN,11,9
CHM,GGAR,10,2
CHM,VYA,46,2
CHNN,CKS,10,4
CHP,PNU,17,2
CHP,SID,13,2
CHR,RSR,12,1
CHRG,IDR,8,3
CHRG,NBL,6,3
CHRM,MDGR,22,4
CHSM,VRI,52,6
CHUA,SEY,32,4
CHUA,CWA,33,4
CHV,PAY,15,12
CHV,KZE,14,2
CHV,NLE,5,14
CHV,TKQ,8,4
CHZ,SC,12,8
CHZ,KZJ,120,2
CHZ,NLDA,98,2
CHZ,MLY,6,8
CHZ,MJF,9,1
CHZ,GT,8,6
CHZ,ZN,71,1
CI,MEW,22,2
CI,CPR,2,5
CI,MHC,35,2
CI,GJH,9,1
CIH,SDDN,13,2
CIH,SOT,6,2
CIK,IK,6,1
CIL,MBDP,4,4
CIL,MCDA,17,4
CIO,RW,8,2
CIO,GNV,9,2
CIV,TEL,2,4
CIV,VMU,11,3
CJ,TRT,41,2
CJM,OGL,29,1
CJM,CLX,20,1
CJM,VTM,13,8
CJM,KVDU,4,2
CJM,UGD,7,2
CJN,JPH,9,5
CJS,KDPA,7,2
CJS,KPRR,12,2
CK,KSN,9,2
CK,RC,16,2
CKB,SWM,22,12
CKB,ISA,17,10
CKB,SURL,9,4
CKB,DPZ,11,4
CKBK,JBGD,8,3
CKBK,GGVT,13,3
CKD,RE,55,6
CKD,MHU,13,3
CKD,PUW,7,5
CKD,JRL,13,2
CKD,KSI,28,8
CKD,FGH,7,2
CKE,JLR,9,2
CKE,VAL,7,2
CKH,OREH,3,2
CKH,GAYA,10,2
CKI,IJK,7,29
CKI,KUC,10,1
CKI,TCR,30,5
CKKD,SGBJ,10,2
CKMI,TEA,2,2
CKMI,TNRI,3,2
CKNI,NGI,12,1
CKNI,WRR,10,1
CKOD,SJP,6,2
CKOD,KPP,6,2
CKP,ROU,101,48
CKP,TATA,62,40
CKP,PRR,119,6
CKP,RKSN,20,12
CKP,SWR,21,10
CKP,MOU,61,2
CKP,GOL,34,8
CKP,SINI,35,2
CKP,MURI,134,2
CKR,GPB,15,4
CKR,RBG,14,6
CKS,SAS,13,4
CKTD,MKP,31,22
CKTD,SWC,9,2
CKTD,KHOH,5,2
CKTD,MJG,64,4
CKTD,STA,105,6
CKTD,PCOI,123,4
CKU,JGM,29,11
CKU,GTS,30,13
CKU,HIJ,66,2
CKVD,JRU,5,2
CKX,HER,12,2
CKX,LTRR,4,2
CLD,NMZ,8,2
CLD,MDT,60,2
CLDR,HCNR,10,2
CLDR,SGDP,12,2
CLDY,VG,55,9
CLDY,SBT,5,4
CLDY,SAU,18,3
CLE,WL,13,2
CLE,YGL,8,2
CLG,PPT,21,10
CLG,SBO,23,6
CLG,EKC,5,7
CLG,SVRP,11,4
CLG,GGA,10,2
CLG,SBG,44,12
CLJ,JLD,17,8
CLJ,GD,28,14
CLKA,KIT,10,4
CLPE,VRN,6,2
CLPE,TU,7,2
CLR,LD,25,15
CLR,QLM,26,15
CLT,TLY,68,10
CLT,TIR,41,50
CLT,MAJN,222,4
CLT,ERS,194,4
CLT,SRR,86,24
CLT,FK,10,22
CLT,QLD,25,27
CLT,PGI,25,11
CLT,MAHE,60,2
CLVR,PVD,4,3
CLVR,DIG,6,3
CLW,PDR,14,2
CLX,OGL,49,74
CLX,TEL,57,28
CLX,VTM,8,12
CLX,IPPM,4,2
CLX,JAQ,3,2
CM,PJ,11,6
CMA,JTTN,8,2
CMA,MXN,10,2
CMJ,NTW,23,2
CMJ,MYS,2,2
CMNR,NTW,35,2
CMR,JLS,6,1
CMU,VMA,22,20
CMU,SVA,16,14
CMU,SGZ,29,6
CMX,NFK,6,2
CMX,KTJ,8,2
CNA,MVJ,74,14
CNA,KOTA,162,4
CNA,GGR,14,2
CNA,COR,8,6
CNA,KIN,37,6
CNA,MLGH,56,1
CNB,PHN,58,37
CNB,LKO,74,87
CNB,GOY,4,1
CNB,ON,17,70
CNB,ORAI,106,31
CNB,LJN,74,17
CNB,PHD,83,7
CNB,ETW,139,50
CNB,PNKD,11,6
CNB,PRYJ,194,129
CNB,DDU,348,24
CNB,NDLS,440,59
CNB,FTP,77,44
CNB,TDL,231,53
CNB,CPA,2,26
CNB,DLI,435,5
CNB,MZP,284,2
CNB,FZD,215,2
CNB,JJK,63,5
CNB,GZB,415,7
CNB,RGU,103,2
CNB,RURA,44,11
CNB,KNS,74,4
CNB,GTM,46,4
CNB,SKB,195,2
CNB,KJN,80,10
CNB,VGLJ,219,8
CNB,SSL,23,2
CNB,CPB,4,1
CNB,CNBI,4,1
CNB,GHJ,102,1
CNB,FBD,139,6
CNC,RBG,11,4
CNC,KUD,7,4
CND,DMN,16,14
CNDB,WLGN,23,4
CNDB,RDHR,26,2
CNDB,MRSH,30,4
CNDB,WOC,66,2
CNDB,NAVI,37,4
CNDM,KLK,15,4
CNE,DCA,9,2
CNGR,TRVL,9,78
CNGR,MVLK,12,55
CNGR,KYJ,20,18
CNGR,QLN,61,10
CNGR,CYN,6,4
CNGR,KTYM,35,7
CNI,TATA,36,28
CNI,GMH,25,2
CNI,KND,15,2
CNI,NIM,9,3
CNI,MIK,6,3
CNI,MURI,68,15
CNI,PRR,54,3
CNI,TUL,37,2
CNJ,SBB,4,1
CNK,NBD,19,4
CNK,LRJ,23,4
CNL,GRI,10,1
CNO,KAWR,26,10
CNO,MAO,33,10
CNO,LOL,10,2
CNPA,SBGA,8,10
CNPA,HAS,33,12
CNPA,KIGL,74,2
CNPR,RRME,12,2
CNPR,GMIA,31,2
CNS,SHE,13,1
CNV,POY,21,4
CNV,PTJ,18,2
COB,NCB,5,2
COB,DWT,10,2
COE,KYG,11,2
COE,SIA,7,2
COM,GND,11,4
COM,DKBJ,25,10
COM,RGS,28,6
COR,NBH,29,17
COR,MLGH,64,2
COR,KIN,35,11
COR,SMP,11,4
COR,NMH,56,22
COR,MVJ,72,6
COR,GGR,22,2
COR,UDZ,114,2
COR,FAN,58,2
CPA,KJN,78,12
CPA,KAP,9,4
CPA,RPO,4,4
CPB,MGW,7,1
CPD,NWU,16,2
CPD,KBH,18,2
CPD,KFF,6,5
CPD,KHTG,10,5
CPDR,LTHR,31,2
CPH,NIA,11,25
CPH,RIG,80,20
CPH,KRBA,38,11
CPH,KHS,46,2
CPH,SKT,31,10
CPH,JSG,152,2
CPH,SGRD,10,4
CPJ,SBZ,26,10
CPJ,GKP,40,24
CPJ,PPC,20,7
CPJ,RKL,16,2
CPJ,GH,15,2
CPJ,NKE,111,4
CPJ,POU,31,6
CPJ,MTBG,6,1
CPK,GHY,91,20
CPK,HJI,45,22
CPK,LMG,90,4
CPK,JID,34,16
CPK,NGAN,26,6
CPK,KWM,18,2
CPK,NHLG,178,2
CPLE,DUJ,6,2
CPLE,KOX,4,2
CPN,SMLA,11,1
CPP,VZM,31,22
CPP,PDU,23,6
CPP,SGDM,13,4
CPP,GVI,6,3
CPR,SEE,54,40
CPR,SV,61,66
CPR,SIP,29,30
CPR,DGA,30,26
CPR,EKMA,28,14
CPR,HJP,59,50
CPR,KPS,10,2
CPR,GJH,11,2
CPR,DDP,19,2
CPR,GTST,9,2
CPR,MFP,113,10
CPR,PPTA,64,1
CPR,SHG,234,4
CPR,GKP,181,3
CPR,TKV,4,1
CPR,STW,47,2
CPR,KCT,201,2
CPS,HLDR,18,6
CPS,MNDR,20,6
CPT,RMGM,11,26
CPT,MAD,18,24
CPT,MYA,37,2
CPU,SGRL,63,13
CPU,RNQ,42,19
CPU,SBDR,27,8
CPU,OBR,12,2
CPU,CUK,22,4
CPU,GHD,142,2
CPU,NUQ,97,2
CQA,VPZ,11,2
CRC,KLAR,11,2
CRC,MBA,11,2
CRJ,JMT,15,38
CRJ,MDP,57,70
CRJ,RNPR,5,4
CRJ,KMME,22,5
CRJ,ULT,16,3
CRJ,DHN,61,8
CRJ,VDS,33,4
CRK,HD,7,2
CRK,TBN,8,2
CRLM,SBC,24,4
CRLM,HSRA,35,8
CRLM,HLE,11,1
CRP,PUS,12,6
CRP,KTH,21,22
CRP,DHN,34,10
CRP,GMO,17,16
CRP,TELO,8,4
CRP,JNN,7,2
CRP,TKB,9,2
CRP,MHQ,15,2
CRR,SMO,11,12
CRR,KUE,17,14
CRR,KIR,22,2
CRU,PAU,9,1
CRU,LBG,10,1
CRWA,JJN,29,10
CRWA,SRGH,12,8
CRWA,LHU,29,6
CRWA,RSH,15,4
CRWL,MCTM,9,2
CRWL,SVDK,16,2
CRY,TVC,29,2
CRY,KVU,3,14
CRY,TVP,26,5
CRY,KZK,16,6
CRY,VAK,12,3
CRY,MQU,8,4
CSA,GMR,9,6
CSA,PWXP,5,1
CSB,TKJ,1,9
CSB,NDLS,1,9
CSMT,DR,9,99
CSMT,TNA,33,4
CSMT,KJT,100,1
CSMT,KYN,53,11
CSN,NGN,42,18
CSN,JMD,15,2
CSN,MMR,67,26
CSN,KJ,19,2
CSN,JL,93,14
CSN,PC,45,23
CSZ,MBB,7,6
CT,WADI,16,10
CT,SEM,22,18
CT,LPI,147,2
CT,YG,44,10
CT,NW,19,7
CT,TDU,55,6
CT,MQR,10,1
CTA,JRU,33,8
CTA,RDG,98,4
CTA,RRB,102,2
CTA,DRU,108,2
CTA,HLV,9,2
CTC,JKPR,64,10
CTC,DNKL,58,20
CTC,JJKR,72,95
CTC,DNM,35,3
CTC,KNPR,4,3
CTC,KTJI,2,2
CTC,KDRP,17,1
CTC,MCS,20,2
CTC,KGP,294,2
CTC,RHMA,60,2
CTC,SORO,144,2
CTD,PQT,7,1
CTD,PLRD,9,1
CTF,VKB,10,2
CTF,SKP,19,1
CTF,GGD,7,1
CTH,KMV,15,2
CTH,MKDD,3,2
CTHR,JTW,15,2
CTHR,MJG,6,2
CTKT,DIA,36,18
CTKT,DNA,30,18
CTL,KKV,28,2
CTL,KJV,6,4
CTL,LDU,15,2
CTMP,MPY,2,1
CTO,KPD,32,44
CTO,TPTY,72,25
CTO,PAK,30,21
CTO,PTT,15,1
CTO,SIE,7,1
CTPE,KUV,5,2
CTPE,KLQ,2,2
CTR,NHT,9,1
CTR,MRR,8,1
CTS,MVG,7,2
CTS,JYP,7,2
CTTP,MRDW,8,2
CTYL,NLDA,26,4
CTYL,NRDP,32,2
CTYL,RMNP,9,2
CUE,NDB,5,2
CUE,TISI,8,2
CUK,SBDR,4,4
CUPJ,TDPR,5,8
CUPJ,VM,46,21
CUPJ,SY,55,2
CUPJ,PO,27,1
CUPJ,PRT,27,2
CUR,SDLP,58,44
CUR,RTGH,42,44
CUR,FPS,44,8
CUR,RSWT,24,2
CUR,SIKR,91,4
CVB,MJF,6,2
CVJ,NIU,7,1
CVP,SRT,22,47
CVP,TEN,65,42
CVP,KDU,22,2
CVP,MEJ,36,10
CVP,TN,68,4
CVP,VPT,48,9
CVP,MDU,92,2
CVR,MLHA,12,6
CVR,VRL,18,6
CW,EKMA,7,5
CW,DDA,8,6
CW,MHRN,3,1
CWA,SASR,73,2
CWA,SEY,65,2
CWA,GNW,13,4
CWA,PUX,29,4
CYI,DRL,43,6
CYI,GDA,66,26
CYI,RTM,251,24
CYI,ND,50,7
CYI,DHD,137,10
CYI,PIO,7,1
CYN,MVLK,6,4
DAA,VGLJ,25,43
DAA,DBA,30,38
DAA,KRQ,14,2
DAA,SOR,11,4
DAA,GWL,74,3
DAB,NZB,39,4
DAB,MUE,49,8
DAB,UMRI,30,12
DAB,NED,72,4
DAB,KEK,14,2
DABN,MBY,19,2
DABN,SGRA,11,3
DADN,INDB,21,18
DAJ,KDN,7,3
DAJ,TNGL,6,5
DAKE,KQU,30,4
DAKE,KOAA,9,4
DAKE,SDAH,16,4
DAPD,KSWD,4,5
DAPD,KK,2,5
DAQ,MXK,7,1
DAR,KAMP,5,1
DAR,SOM,10,1
DARA,RMA,24,2
DARA,DKNT,39,4
DARA,MKX,15,2
DAS,DLJ,26,6
DAS,LAT,15,2
DAS,DME,11,2
DAS,LMO,34,2
DAVM,NYY,6,1
DAVM,PASA,7,1
DAYG,MCSC,20,4
DAYG,KURJ,11,4
DB,PRTN,27,6
DB,TWV,7,1
DB,VAN,8,1
DBA,GWL,44,46
DBA,KTRA,10,2
DBA,SMTL,5,2
DBA,SOR,19,2
DBA,VGLJ,55,6
DBB,TFGN,54,2
DBB,GUP,7,7
DBD,MOZ,24,29
DBD,TPZ,28,11
DBD,SRE,34,18
DBEC,DCAB,0,1
DBEC,KMI,6,1
DBF,KWGN,9,2
DBF,GIZ,11,2
DBG,LSI,5,28
DBG,SKI,19,36
DBG,SPJ,37,41
DBG,KML,23,13
DBG,KKHT,7,1
DBG,SMI,67,9
DBG,JNR,42,4
DBG,JYG,68,2
DBHL,ROK,6,4
DBHL,SRBH,6,4
DBI,PGK,13,3
DBI,HMH,13,3
DBL,KIAT,27,3
DBL,MDLL,7,1
DBLA,NNL,26,4
DBLA,NMK,24,5
DBLA,NIP,11,1
DBLG,HTL,6,2
DBLG,LGT,13,2
DBR,MKP,23,18
DBR,PRYJ,77,2
DBR,PNHI,11,4
DBR,KTDD,11,4
DBR,SRJ,32,14
DBRG,NTSK,42,26
DBRG,SRTN,80,2
DBRG,MRHT,42,6
DBRG,DMC,62,14
DBRG,NLP,131,2
DBS,NDV,3,1
DBS,HHL,8,1
DBSI,VVKP,1,4
DBSI,PTNR,2,3
DBSI,SSB,4,1
DBU,GBD,39,12
DBU,YNK,21,12
DBV,MOB,10,1
DBV,MED,4,1
DBW,GPZ,10,2
DBW,TBH,24,2
DBY,MJN,25,2
DBY,MRG,14,2
DCAB,KMI,6,1
DCK,VLA,72,2
DCK,SEJ,89,2
DCK,DOK,54,4
DCU,PAK,7,3
DCU,PIL,34,1
DCU,MPT,11,2
DD,KWV,109,32
DD,PUNE,77,49
DD,SUR,188,21
DD,JEUR,75,9
DD,KDG,24,8
DD,URI,49,2
DD,JNTR,39,2
DD,PAA,15,1
DD,MLM,19,1
DD,PRWD,49,2
DD,KEM,91,1
DD,HDP,72,2
DDA,SV,18,9
DDA,EKMA,15,4
DDA,PCK,9,1
DDCC,URI,44,4
DDCC,PUNE,72,52
DDCC,KPG,193,6
DDCC,KDG,18,4
DDCC,MMR,235,6
DDCC,HDP,66,2
DDCE,SHR,15,12
DDCE,SBD,10,12
DDDA,SIPT,11,2
DDDA,LKDM,16,2
DDDM,RKM,27,2
DDDM,MTJ,22,2
DDE,NDB,34,34
DDE,SNK,20,16
DDE,RNL,12,4
DDE,VKH,8,4
DDE,JL,116,2
DDJ,SDAH,10,4
DDL,PGW,43,4
DDL,SIR,53,4
DDL,UMB,106,11
DDL,PHR,21,3
DDL,KNN,35,3
DDL,NMDA,60,1
DDL,LDH,7,1
DDL,JUC,64,7
DDL,JRC,59,7
DDL,RPJ,78,2
DDM,ODB,5,2
DDM,NMZ,6,2
DDMT,NRKR,10,2
DDMT,PAR,8,2
DDN,HW,52,28
DDN,DWO,20,3
DDN,HRW,9,3
DDNI,KRNI,11,2
DDNI,GLPT,20,2
DDNI,KYQ,104,2
DDP,KPS,9,3
DDP,EKMA,9,5
DDR,MMCT,6,4
DDU,PCOI,144,71
DDU,SSM,101,35
DDU,ZNA,40,18
DDU,MZP,63,55
DDU,PRYJ,153,102
DDU,KQR,280,4
DDU,PNBE,207,29
DDU,GAYA,204,28
DDU,DLN,54,28
DDU,KEI,13,18
DDU,DNR,198,8
DDU,GMO,374,2
DDU,KYT,22,1
DDU,PPTA,204,7
DDU,KMS,33,2
DDU,NEWC,1,2
DDU,GHD,217,2
DDU,DOS,118,2
DDU,KCA,7,1
DDU,PNME,355,1
DDU,IDR,1737,1
DDU,RPR,123,2
DDX,TPH,6,1
DEB,PLY,10,2
DEB,PCX,4,4
DEB,SVH,8,4
DEC,NDLS,15,4
DEC,GGN,17,74
DEC,DEE,10,44
DEC,DLI,14,30
DEC,PM,4,14
DEC,PTNR,6,6
DEC,RE,68,2
DEC,SSB,12,2
DEC,UMB,203,2
DEC,PNP,95,2
DEE,VGLJ,417,2
DEE,LDH,313,2
DEE,ROK,68,2
DEE,PTNR,4,3
DEE,DLI,4,13
DEE,SSB,9,2
DEE,NDLS,5,4
DEE,RE,78,4
DEE,PNP,91,2
DEEG,GDO,15,6
DEG,KASR,4,7
DEG,PURI,29,2
DEG,JPRD,3,2
DEG,SIL,12,3
DEG,KUR,16,2
DEOR,RDHP,42,4
DEOR,DKW,7,2
DEOR,MITA,10,2
DEOS,GKP,50,89
DEOS,SRU,31,2
DEOS,MAU,89,2
DEOS,SV,69,31
DEOS,GB,16,11
DEOS,NRA,13,2
DEOS,MW,49,2
DER,GZB,16,1
DER,KRJ,46,1
DER,MIU,7,1
DES,MNO,10,4
DES,HJP,20,8
DES,SPP,18,2
DG,KRR,74,24
DG,MDU,66,80
DG,TPJ,94,66
DG,SDN,45,4
DG,MPA,58,10
DG,KQN,25,18
DG,ODC,33,8
DGA,SEE,23,14
DGA,PPTA,33,4
DGA,STLR,5,5
DGA,HJP,29,6
DGB,KBM,8,1
DGB,NWP,6,1
DGBZ,GBRI,5,4
DGBZ,MKZ,8,4
DGDG,GLP,9,2
DGG,RJN,31,36
DGG,G,73,22
DGG,SKS,36,8
DGHA,RMRB,8,4
DGHA,KGP,165,1
DGHA,KATI,33,13
DGHR,GRMA,20,6
DGHR,JSME,7,6
DGHR,MHUR,10,2
DGI,JRS,5,3
DGLE,NFK,18,15
DGLE,NILE,10,12
DGLE,JRLE,29,1
DGN,SXA,7,2
DGO,KMS,12,2
DGR,RNG,24,21
DGR,HWH,157,12
DGR,SDAH,170,2
DGR,KOAA,163,8
DGR,PAN,15,30
DGR,OYR,9,9
DGR,UDL,17,19
DGR,RPH,118,4
DGR,SURI,71,8
DGW,RHG,9,2
DGW,MKH,8,2
DHA,TLAM,8,1
DHD,GDA,72,55
DHD,MGN,33,32
DHD,RTM,113,55
DHD,MAM,23,1
DHD,LMK,31,3
DHD,RET,5,1
DHD,ND,169,2
DHE,KCT,9,6
DHE,JNU,39,4
DHG,HVD,31,9
DHG,VG,66,18
DHG,SIOB,117,17
DHH,NCB,28,2
DHH,DWT,13,2
DHI,SHF,21,2
DHI,MHAD,3,2
DHN,PNME,48,18
DHN,KTH,13,22
DHN,KMME,39,19
DHN,GMO,30,20
DHN,SDAH,269,2
DHN,KQR,123,12
DHN,GAYA,199,16
DHN,PUS,46,2
DHN,PEH,27,2
DHN,TET,9,4
DHN,JSME,147,2
DHN,RJB,38,2
DHN,PKA,10,2
DHN,MDP,117,4
DHND,HDA,5,1
DHNE,KRNT,54,48
DHNE,TU,102,2
DHNE,GY,54,30
DHNE,GTL,72,12
DHNE,YA,169,2
DHNE,NDL,75,14
DHNE,PDL,26,2
DHNE,MLK,13,3
DHNE,VDI,20,2
DHNE,RGM,25,4
DHNE,MYL,11,2
DHO,MRA,28,40
DHO,GWL,66,12
DHO,HET,13,2
DHO,MIA,13,2
DHR,MTPC,5,2
DHR,RTA,12,2
DHRR,DLC,9,1
DHU,MGM,5,4
DHU,KNJ,13,1
DHW,GSP,14,8
DIA,LAU,31,18
DIB,RG,7,2
DIG,TEL,10,2
DIG,PVD,10,2
DIG,KLX,3,3
DIL,RBD,8,1
DIL,MLD,6,1
DING,JOK,5,2
DING,MHUL,7,2
DING,SSA,24,5
DIPA,SMCP,4,2
DIR,JYP,8,2
DIR,KDPA,6,2
DISA,PNU,27,6
DISA,LW,8,2
DIVA,KLMG,22,2
DIVA,NIIJ,7,2
DIVA,DTVL,4,5
DIVA,KOPR,6,1
DIVA,PNVL,28,1
DJA,WDA,4,2
DJA,PDJ,9,2
DJG,NTSK,16,6
DJG,NHK,8,7
DJHR,DPS,23,2
DJHR,MMVR,3,2
DJS,MKB,1,1
DJS,DMRX,4,3
DJS,LKR,8,2
DJX,LSX,24,6
DK,UMH,8,1
DK,TAS,8,1
DKAE,KGP,122,22
DKAE,RPH,191,6
DKBJ,JP,4,14
DKBJ,RGS,54,4
DKC,KQQ,10,2
DKC,KTKA,6,2
DKC,MQN,10,2
DKC,MRKL,15,2
DKD,MRK,24,8
DKD,KCD,13,8
DKD,GJJ,11,2
DKD,VKN,37,2
DKDE,FPMP,5,1
DKE,LGT,8,2
DKE,MUPA,8,2
DKGS,RJO,4,1
DKI,DRA,13,2
DKJ,KMT,23,23
DKJ,MABD,24,19
DKJ,GLA,5,8
DKJ,KRA,17,2
DKJ,PCZ,7,2
DKJR,MJBT,17,2
DKJR,NMM,12,2
DKLU,MNGD,13,4
DKNT,KOTA,9,8
DKNT,MKX,53,2
DKNT,RMA,63,2
DKO,SVGA,36,7
DKO,KKDI,5,9
DKO,KAL,13,2
DKT,UMB,9,1
DKW,JSI,9,2
DKZ,NDLS,4,6
DKZ,SSB,7,12
DKZ,DSB,2,3
DKZ,VVKP,2,4
DKZ,DLI,3,7
DL,THAN,14,2
DL,WKR,12,2
DLB,POZ,9,2
DLC,LKS,13,1
DLD,MDS,15,7
DLD,DOD,20,3
DLD,JAO,37,2
DLD,KHNR,12,2
DLGN,JTRD,18,4
DLGN,KVK,16,4
DLI,DSA,6,20
DLI,GZB,20,37
DLI,SZM,3,15
DLI,RE,83,2
DLI,UMB,197,6
DLI,KUN,123,2
DLI,SSB,10,2
DLI,NUR,26,3
DLI,SBB,13,4
DLI,SNP,43,1
DLI,KRJ,83,1
DLI,MB,161,12
DLI,PNP,88,1
DLJ,SGD,21,14
DLJ,LAT,41,2
DLJ,SOJN,29,10
DLJ,NGA,25,2
DLJ,UJ,10,1
DLJ,SOA,11,1
DLK,SM,83,2
DLK,KNE,28,24
DLK,TETA,9,4
DLK,KIR,86,4
DLN,GMR,16,12
DLN,ZNA,13,12
DLN,DNR,144,2
DLN,KKRH,13,2
DLN,DRV,8,1
DLN,USK,4,1
DLN,SAHA,6,1
DLO,MDT,14,2
DLO,HSA,25,6
DLO,NJP,108,4
DLPT,MZZ,3,2
DLR,MAU,21,12
DLR,JKN,8,8
DMC,SPTR,23,2
DMC,JFD,5,2
DMC,MYO,8,2
DMC,NLP,70,10
DMC,GOM,26,2
DME,LMO,22,2
DMG,GKP,4,2
DMG,JTB,7,2
DMH,MRIJ,22,8
DMH,SHC,22,8
DMH,MEE,6,2
DMK,SZY,11,2
DMLE,KJU,3,2
DMLE,KMAE,2,2
DMM,SSPN,33,20
DMM,HUP,79,32
DMM,YPR,184,5
DMM,YNK,162,4
DMM,MGB,35,3
DMM,KRY,68,13
DMM,PKD,41,6
DMM,GTL,102,6
DMM,GY,90,1
DMN,WR,50,8
DMN,PLO,20,28
DMNJ,LKMR,42,8
DMNJ,KRPU,19,8
DMO,PHA,27,18
DMO,GAJ,40,2
DMO,KMZ,108,63
DMO,SGO,78,57
DMO,KTE,110,6
DMP,KMTI,6,5
DMP,SWO,6,3
DMP,KLK,33,9
DMR,NKMG,65,16
DMR,KUGT,33,6
DMR,PTKD,36,2
DMR,PASG,11,2
DMRX,MKB,5,3
DMRX,LKR,11,2
DMT,GZL,28,7
DMT,GID,11,8
DMT,NDL,42,1
DMV,DPU,38,28
DMV,MXN,108,6
DMV,LMG,69,4
DMV,FKG,70,14
DMV,SZR,36,6
DMW,JPD,13,4
DMW,LLJ,13,4
DNA,MKN,44,56
DNA,MTD,45,46
DNA,REN,28,20
DNA,GCH,14,6
DNA,NGO,102,10
DNA,JAC,13,2
DNA,JU,149,2
DNDI,GNH,14,1
DNDI,PKNS,3,1
DNDL,SSPR,4,2
DNDL,DNKL,7,2
DNGD,WGI,3,2
DNGD,KMB,4,2
DNK,KKU,10,2
DNK,JP,19,7
DNK,FL,36,6
DNKL,TLHR,54,12
DNKL,TLHD,48,17
DNKL,NQR,37,10
DNKL,MRDL,34,7
DNKL,SCPR,5,2
DNKL,JJKR,105,3
DNKL,HND,20,1
DNM,JJKR,37,6
DNM,KIS,20,2
DNM,KNPR,32,1
DNN,GSP,11,6
DNN,PTK,25,6
DNR,PPTA,6,40
DNR,PNBE,10,73
DNR,PWS,3,5
DNR,SDE,13,4
DNR,HJP,26,2
DNR,NEO,6,1
DNRE,UREN,6,3
DNRE,KIUL,6,1
DNRE,RMPR,4,2
DNRP,SES,31,4
DNRP,SJS,53,2
DNRP,RDD,17,4
DNRP,LSD,42,2
DNT,JER,16,2
DNT,NSI,9,4
DNT,LXD,10,2
DNV,KMX,10,6
DNV,VBL,12,6
DNWH,FUT,6,4
DNWH,DYW,6,2
DNWH,HIL,14,2
DNWR,JAUA,23,2
DNWR,NWDH,16,2
DO,GTJT,50,18
DO,GADJ,55,38
DO,JW,12,2
DO,JP,61,10
DO,KWP,45,2
DOA,SNL,7,1
DOB,NWH,11,8
DOB,JJN,26,7
DOB,NUA,15,1
DOD,JAO,16,5
DOD,KHNR,7,2
DOE,JBP,17,6
DOE,GSPR,10,10
DOE,SHR,21,2
DOH,MGRD,5,1
DOH,KQE,15,1
DOK,SEJ,36,2
DOK,VLA,14,2
DOL,MFP,25,25
DOL,SPJ,26,6
DOL,KRBP,13,18
DOL,KPGM,20,1
DOLK,RW,6,2
DOR,SMR,23,8
DOR,LUNI,26,8
DOS,SSM,18,85
DOS,GAYA,85,22
DOS,NBG,36,12
DOS,SEB,6,2
DOZ,SDH,8,1
DPA,JP,7,66
DPA,SWM,124,34
DPA,SNGN,5,8
DPC,GPJ,12,2
DPC,PFU,10,2
DPD,IDP,7,1
DPD,GDV,7,1
DPJ,HSRA,92,20
DPJ,SA,67,22
DPJ,PCV,22,2
DPK,HLW,6,1
DPK,HMH,20,3
DPK,SDS,18,3
DPLN,NHR,11,2
DPLN,GAMI,15,2
DPR,SEO,14,12
DPR,NGG,17,14
DPR,MB,60,2
DPR,KNT,31,4
DPR,NBD,38,4
DPRA,RGJI,10,2
DPRA,SNCA,9,2
DPS,NOMD,9,4
DPS,PDPH,5,1
DPS,MLKA,10,1
DPU,LMG,31,30
DPU,DSR,19,2
DPUR,GRCP,8,2
DPX,JAJ,8,2
DPX,GHR,4,2
DPZ,SWM,11,4
DQG,NJP,65,20
DQG,FLK,23,18
DQG,NCB,61,24
DQG,JPE,32,10
DQG,NMX,20,12
DQL,NCA,14,2
DQN,RNV,35,12
DQN,MBNL,67,2
DQR,MXT,1,3
DQR,YKA,1,3
DR,TNA,24,86
DR,KYN,44,36
DR,LNL,119,1
DRA,ET,12,2
DRD,VAPI,48,28
DRD,PLG,33,6
DRD,GVD,11,8
DRD,VGN,12,7
DRD,UBR,21,5
DRH,JMP,12,20
DRH,DRTP,5,2
DRH,MSDN,6,3
DRHI,KKN,11,2
DRI,GJH,5,3
DRL,GDA,23,10
DRL,SMLA,24,2
DRL,KRSA,13,1
DRLA,KAT,16,1
DRLA,MUT,13,1
DRO,PTI,13,4
DRO,RDN,11,2
DRS,MJ,9,1
DRS,SOD,12,1
DRTP,JMP,6,2
DRU,RRB,6,40
DRU,VNR,16,1
DRU,HSD,44,2
DRV,ZNA,6,1
DRWN,MXW,5,4
DRWN,GHAA,12,4
DSA,SBB,8,4
DSA,GZB,14,13
DSA,VVB,3,1
DSB,NDLS,2,3
DSJ,UMB,209,6
DSJ,MTJ,137,7
DSJ,SSB,18,4
DSJ,VGLJ,408,2
DSJ,PNP,100,1
DSO,NOK,32,14
DSR,SKHV,15,2
DSS,SPJ,23,27
DSS,NAZJ,8,5
DSS,UJP,14,1
DSS,STJT,5,2
DTAE,SMAE,7,1
DTC,NHGJ,9,2
DTF,GOS,6,1
DTF,KL,6,1
DTO,GHD,33,33
DTO,LAD,144,4
DTO,LTHR,68,6
DTO,LBT,22,2
DTO,TORI,101,2
DTP,YNG,6,4
DTP,JCL,7,4
DTRA,SK,7,1
DTRA,NRI,5,1
DTRD,KLYT,17,1
DTRD,NKRA,22,1
DTV,PNPL,6,2
DTV,JSG,9,2
DTVL,NIIJ,3,5
DTX,NBQ,7,4
DUA,LAR,28,4
DUB,KEG,6,2
DUD,SUR,64,4
DUD,GUR,23,9
DUD,GDGN,17,1
DUD,KLBG,50,2
DUE,POU,19,2
DUE,TOI,12,2
DUE,GSRM,5,1
DUI,NBA,27,10
DUI,MET,17,18
DUI,SAG,16,28
DUI,LDH,62,18
DUI,PTA,53,6
DUI,SFMU,28,4
DUI,JHL,66,6
DUJ,PCR,7,2
DUJ,UDL,36,2
DUJ,SURI,19,4
DUJ,PAW,15,2
DUMK,SKIP,25,4
DUMK,JAMA,12,2
DUMK,RPH,64,2
DUMK,NNHT,26,2
DURE,RPR,16,10
DURE,VVG,4,1
DURG,R,37,113
DURG,RJN,31,73
DURG,G,136,38
DURG,MUP,15,1
DUSI,PDU,9,3
DUU,UKD,11,3
DUU,KOLA,9,3
DVD,RJY,183,26
DVD,VSKP,18,95
DVD,SLO,133,24
DVD,VZM,65,20
DVD,PAP,120,2
DVD,YLM,39,4
DVD,PDT,22,11
DVD,SCMN,13,1
DVD,KTV,30,4
DVD,MIPM,13,2
DVG,HRR,14,53
DVG,JRU,46,25
DVG,HVR,69,5
DVG,RRB,114,35
DVG,UBL,144,10
DVG,RNR,36,6
DVG,KAG,21,2
DVG,SBC,327,2
DVG,TK,255,2
DVG,HPHI,48,2
DVGM,RDHP,12,2
DVL,KSRA,60,3
DVL,NK,6,10
DVL,KYN,128,1
DVL,IGP,45,6
DWD,KBH,14,4
DWD,NDB,9,5
DWDI,SQW,12,2
DWDI,RPV,10,2
DWDI,MHC,19,2
DWDI,THE,45,2
DWI,KHU,9,2
DWK,KMBL,84,25
DWK,OKHA,29,32
DWK,MTHP,19,4
DWK,JAM,138,4
DWLE,PNSA,7,2
DWLE,HPLE,14,2
DWO,RWL,20,4
DWO,HRW,11,3
DWO,QSR,10,2
DWP,SLO,30,4
DWP,RJY,20,22
DWP,KYM,10,4
DWR,LWR,37,24
DWR,UBL,20,63
DWR,LD,69,17
DWR,MGD,14,2
DWV,VINH,8,3
DWV,KLBN,10,3
DWX,INDB,41,71
DWX,UJN,41,60
DWX,MKC,36,12
DWX,LMNR,38,7
DWX,VRG,35,2
DWX,RCJ,21,2
DWZ,JDB,107,2
DWZ,GIZ,7,2
DWZ,KMLR,13,2
DXD,KOTA,16,2
DXG,JL,30,20
DXG,NDB,121,4
DXH,MUD,4,1
DXH,GUH,4,1
DXK,RBS,7,2
DXN,RNQ,21,10
DXN,WDM,23,8
DXN,NUQ,34,2
DXR,SUNR,14,2
DXR,THAN,34,1
DXR,MOL,8,1
DYD,RDL,23,16
DYD,SGJ,19,4
DYD,PTH,8,2
DYE,SFX,0,1
DYE,MJF,1,1
DYP,LMN,14,1
DYP,RBL,6,1
DYW,HIL,8,2
DZA,JRC,58,10
DZA,MEX,15,16
DZA,TDO,15,6
DZB,MHRG,26,2
DZB,RE,24,6
DZB,KNNK,10,4
DZKT,HLZ,8,2
DZKT,TMZ,37,2
DZL,MHU,7,2
ED,TUP,50,155
ED,KRR,66,26
ED,SA,59,173
ED,SGE,21,7
ED,PTJ,94,2
ED,KMD,38,4
ED,UKL,37,3
ED,PGR,51,4
EDN,OKL,8,2
EDN,PUU,9,2
EDP,KTHY,3,2
EE,TDD,47,65
EE,RJY,90,69
EE,NZD,18,9
EE,RYP,66,10
EE,PRH,1,6
EKC,GGA,5,7
EKI,MLDT,19,14
EKI,GZO,14,6
EKI,SM,16,4
EKM,TRT,16,8
EKM,PUT,14,10
EKM,NG,1,2
EKMA,SV,33,9
EKMA,MHRN,5,1
EKN,KKZ,7,6
EKN,KFV,3,2
EKN,KUV,5,4
EKR,HIL,11,4
EKR,IPR,10,4
ELM,PAZ,7,4
ELM,PAY,5,4
ENB,HMO,37,2
ENB,NHR,31,8
ENB,TLI,10,2
ENB,KNNA,12,2
ENB,HMH,42,4
ENB,TIBI,20,2
ERL,NJT,13,6
ERL,KZT,15,12
ERL,NCJ,19,6
ERN,ERS,2,13
ERN,TCR,71,18
ERN,KTYM,59,63
ERN,TRTR,10,16
ERN,VARD,35,2
ERN,IPL,6,7
ERN,PVRD,28,2
ERN,ETM,49,2
ERS,SRTL,34,17
ERS,TCR,74,24
ERS,TUVR,23,11
ERS,TRTR,10,2
ERS,KTYM,59,2
ET,HD,75,51
ET,RKMP,86,48
ET,KNW,182,92
ET,PPI,68,97
ET,JBP,246,89
ET,GDYA,70,36
ET,NDPM,18,63
ET,GMD,40,2
ET,GRO,11,4
ET,SGP,50,14
ET,KKN,106,4
ET,TBN,62,6
ET,NGP,295,69
ET,KRTH,11,3
ET,PAR,194,2
ET,NU,161,2
ETM,PVRD,20,4
ETM,KTYM,10,10
ETM,KRPP,8,4
ETP,VGE,7,2
ETW,PHD,56,8
ETW,TDL,92,33
ETW,GZB,275,1
ETW,SKB,55,21
ETW,JJK,77,8
ETW,HAB,39,2
ETW,FZD,75,12
ETW,GOY,136,9
ETW,RURA,95,2
ETW,JGR,16,1
ETW,FAB,79,2
ETW,SSDT,108,2
ETW,GWL,119,2
EVA,VAK,4,2
EVA,PVU,7,2
FA,RANI,14,36
FA,JWB,17,28
FA,PMY,97,2
FA,MJ,67,46
FA,PDWA,55,20
FA,NANA,38,2
FAB,HAB,40,2
FAN,MVJ,14,13
FAN,KIN,23,9
FBD,KJN,58,20
FBD,KSJ,108,27
FBD,FGR,5,14
FBD,NBUE,19,2
FBD,SSD,17,3
FBD,KMJ,30,5
FBD,GHJ,37,7
FBD,GWA,76,2
FBD,MNQ,58,2
FBG,JBN,13,10
FBG,NPV,17,6
FBG,LLP,28,2
FDB,PWL,29,3
FDB,NZM,21,55
FDB,MTJ,113,40
FDB,NDLS,28,7
FDB,TKD,10,4
FDB,KSV,71,8
FDB,FDN,4,2
FDK,KKP,12,12
FDK,FZR,33,14
FGH,MHU,6,2
FGR,KJN,54,6
FGR,KLJ,13,6
FGR,GHJ,32,2
FGSB,SIR,4,2
FK,PGI,15,11
FK,KN,5,2
FK,VLI,10,7
FK,TIR,31,2
FKA,LKW,31,2
FKA,JBD,32,2
FKA,LDK,14,2
FKG,MXN,38,20
FKG,TTB,25,2
FKG,GLGT,7,4
FKG,SZR,34,4
FKM,GOGH,23,8
FKM,KOJ,10,21
FKM,NOQ,68,4
FKM,NBQ,41,4
FKM,GKJ,47,2
FKM,SPX,8,5
FKM,KAMG,48,4
FKM,NCB,87,2
FL,KSG,54,58
FL,RGS,67,13
FL,JP,55,75
FL,SBR,7,16
FL,KKU,46,4
FL,JOB,18,10
FL,RNW,35,6
FL,NAC,35,10
FL,NRI,10,11
FL,KMNC,51,4
FL,HDA,8,5
FL,MKN,64,12
FLD,MJ,25,2
FLD,KBK,22,2
FLK,NCB,38,16
FLK,GDX,16,2
FLR,ULB,2,1
FM,MXT,6,4
FM,UR,13,4
FM,KCG,8,4
FM,HPG,1,3
FM,NSVP,5,3
FPMP,WAIR,4,1
FPS,SIKR,47,2
FPS,LNH,20,10
FPS,RSWT,19,2
FSP,HAN,14,6
FSR,GDB,7,2
FSR,MOT,10,2
FSW,SDS,6,1
FTD,INDB,40,10
FTD,LMNR,36,4
FTD,RTM,79,2
FTD,UJN,23,4
FTG,JAIS,11,4
FTG,RBL,18,4
FTH,SGNR,15,2
FTH,HMK,11,2
FTH,ORKI,5,1
FTH,MOPR,10,1
FTP,PRYJ,117,25
FTP,SRO,60,6
FTP,SFG,113,14
FTP,GOY,80,7
FTP,KGA,35,10
FTP,KKS,7,1
FTP,RAMA,5,1
FTS,RBS,14,12
FTS,KLB,13,2
FTS,SNPR,6,2
FUT,PNBE,22,2
FUT,KOO,8,36
FUT,PNC,12,48
FUT,HDE,5,1
FYZ,RAMA,6,1
FYZ,RUB,9,1
FZD,SKB,20,14
FZD,TDL,17,28
FZR,MXH,42,4
FZR,TWB,31,6
FZR,GHS,39,4
FZR,MOGA,55,2
FZR,SQR,71,4
FZR,MWX,24,2
G,TRO,29,16
G,TMR,50,16
G,NGP,130,64
G,RJN,105,38
G,WSA,103,6
G,NAB,131,8
G,R,172,4
GA,NAC,19,2
GA,SBR,8,2
GAD,KRBA,7,1
GADH,PRNR,7,2
GADH,KDJR,11,2
GADJ,JP,5,74
GADJ,GTJT,5,18
GADM,GD,7,2
GAG,GATD,15,1
GAG,TIS,7,1
GAJ,MKRN,31,4
GAJ,GW,14,2
GAJ,PHA,13,4
GAJB,SGAM,10,2
GAL,KRH,7,2
GAL,PSL,6,2
GALE,JRLE,6,2
GALE,MGLE,8,1
GAM,HMA,6,2
GAM,KIT,28,2
GAM,RBA,17,2
GAMI,NHR,26,4
GAMI,TSD,14,6
GAO,PS,8,1
GAP,PRP,12,2
GAR,SCKR,14,12
GAR,KY,29,22
GAR,PPI,49,29
GAR,NU,44,17
GATD,KITA,15,1
GAUR,TH,8,2
GAW,KPE,9,2
GAW,JKNI,7,2
GAYA,KQR,76,82
GAYA,SSM,103,18
GAYA,NWD,59,6
GAYA,PNME,151,4
GAYA,RFJ,38,10
GAYA,JHD,47,15
GAYA,PRP,32,6
GAYA,GRRU,22,14
GAYA,GMO,170,5
GAYA,WZJ,24,2
GAYA,TKN,20,4
GAYA,KSTA,8,2
GAYA,TIA,41,4
GAYA,PNBE,92,6
GAYA,SEB,80,2
GAYA,PRG,350,1
GAYA,KIUL,129,4
GB,GKP,35,1
GBA,VSU,25,8
GBB,TK,17,7
GBB,TTR,52,3
GBB,NTR,9,1
GBB,MLSA,8,1
GBD,HUP,24,21
GBD,SBC,87,1
GBD,YNK,60,7
GBK,KTJI,3,2
GBP,MDL,53,2
GBX,HTE,41,6
GBX,PKF,20,2
GCH,MKN,30,4
GCT,YFP,20,16
GCT,NDJ,18,2
GCT,KMDR,33,2
GCT,JNU,100,4
GCT,TRG,9,1
GD,MUR,28,61
GD,GKP,154,12
GD,LKO,116,42
GD,STP,159,14
GD,JLD,46,3
GD,GTNR,109,3
GD,MSW,43,2
GD,SUBR,6,2
GDA,RTM,185,30
GDA,SAT,21,2
GDA,LMK,40,2
GDA,ND,97,2
GDA,KIZ,5,1
GDA,KRSA,10,1
GDA,VKG,7,1
GDB,MOT,16,13
GDE,TAC,9,3
GDE,KLU,11,4
GDG,KBL,58,29
GDG,HBL,12,3
GDG,KGX,9,1
GDG,UBL,58,31
GDG,HLAR,47,4
GDG,NGR,23,8
GDG,MLP,30,4
GDG,LKT,13,4
GDGN,GUR,6,1
GDI,KALS,5,2
GDI,SNH,11,2
GDKP,TEO,8,2
GDL,NUD,31,4
GDL,RJT,41,2
GDL,VRR,17,12
GDL,JLR,36,2
GDL,RBR,17,2
GDL,GTT,13,2
GDO,MTJ,26,4
GDO,RAKD,7,2
GDP,KSM,12,1
GDP,KPN,10,1
GDPL,MED,9,2
GDPL,GWV,5,1
GDR,NYP,27,22
GDR,NLR,39,169
GDR,RU,83,57
GDR,PER,137,39
GDR,SPE,55,17
GDR,MAS,137,27
GDR,OGL,154,8
GDR,MS,142,27
GDR,VDE,31,4
GDR,VKI,36,13
GDR,KHT,60,8
GDR,VKT,22,2
GDR,TPTY,93,2
GDV,GVL,11,8
GDV,KKLR,29,39
GDV,RYP,52,2
GDV,MTM,37,2
GDV,MDVL,22,3
GDV,TGU,18,1
GDV,PCU,16,1
GDV,OTR,8,1
GDV,IDP,13,1
GDX,NCB,23,2
GDYA,MJY,28,3
GDYA,POX,31,2
GEA,SAO,16,2
GEB,SHC,16,4
GEB,SOU,11,6
GEB,PGC,5,2
GEK,LR,6,1
GEK,KSG,6,1
GG,SBIB,14,2
GG,VTP,6,2
GG,SEJ,6,2
GGA,LMM,6,1
GGA,SBO,13,2
GGC,SWM,63,62
GGC,SMVJ,35,16
GGC,HAN,45,26
GGC,MTJ,153,4
GGC,KOTA,172,14
GGC,NNW,17,6
GGC,PDZ,21,4
GGC,LRU,7,2
GGD,SKP,12,1
GGH,NMA,17,6
GGH,JJP,21,6
GGN,RE,51,54
GGN,GHH,9,10
GGN,PTRD,30,16
GGN,JP,276,2
GGN,PM,14,9
GGR,HMG,14,2
GGVT,SRNM,10,3
GH,SBZ,11,2
GHAA,MOU,5,4
GHAI,RENH,14,1
GHAI,PNHR,11,1
GHB,SGA,6,2
GHD,GHQ,10,12
GHD,RNQ,99,5
GHD,JPL,47,2
GHD,LBT,11,2
GHD,URD,17,8
GHD,NUQ,44,2
GHD,SEB,92,2
GHE,MQC,3,1
GHGL,HRNR,5,2
GHGL,VJPJ,21,2
GHH,RE,42,1
GHH,PT,8,4
GHH,PTRD,21,9
GHJ,JDA,9,2
GHJ,KLJ,19,6
GHJ,KJN,22,12
GHL,SDVL,9,1
GHLE,SNT,7,5
GHLE,MLV,8,5
GHNA,ROK,31,6
GHNA,PNP,40,4
GHNA,SNP,40,2
GHNA,JIND,49,2
GHNA,IRA,21,2
GHNH,KIS,33,2
GHPU,KRA,6,2
GHPU,TPY,16,2
GHQ,RMF,23,6
GHQ,NUQ,34,6
GHQ,RNQ,90,2
GHQ,URD,24,2
GHR,JMU,14,14
GHR,JAJ,12,12
GHS,JBD,17,4
GHX,RJO,4,2
GHX,NBJU,4,2
GHY,RNY,47,12
GHY,KYQ,6,67
GHY,GLPT,131,12
GHY,MYD,181,2
GHY,NHLG,269,4
GHY,HJI,135,14
GHY,JID,57,24
GHY,LMG,181,10
GHY,NBQ,183,4
GHY,MBG,235,2
GID,NDL,54,14
GID,MRK,60,4
GID,JBK,27,1
GID,SDV,15,4
GIMB,SIOB,53,11
GIMB,VG,235,2
GIN,KBL,11,5
GIN,HTNL,7,3
GIN,MRB,11,5
GIR,TLR,14,6
GIR,PPW,9,6
GJD,PRP,34,2
GJD,KQR,10,2
GJJ,MRK,13,2
GJL,GMS,21,12
GJL,MNDR,15,6
GJL,HPU,51,6
GJN,NAL,19,1
GJN,KLYT,15,1
GJS,SRW,20,6
GJS,RSNR,14,6
GJTA,MZY,7,2
GJUT,GNA,15,8
GJUT,KKP,16,12
GJWL,KDKL,12,2
GK,LMP,35,6
GK,MLN,25,6
GKC,GKP,3,3
GKC,KHM,10,1
GKH,NRX,5,3
GKH,PCQ,6,3
GKJ,GUP,13,11
GKJ,MTJR,5,5
GKJ,TFGN,35,4
GKK,PCH,16,2
GKK,GPB,5,4
GKK,PRKH,9,2
GKL,GMDN,4,3
GKL,MDN,7,3
GKP,SWA,17,7
GKP,LKO,270,4
GKP,KLD,35,73
GKP,SBZ,66,6
GKP,MIM,10,2
GKP,PPC,20,7
GKP,PJ,22,4
GKP,JTB,11,1
GKP,SV,119,5
GKP,SDDN,72,2
GKP,MUR,125,4
GKP,NKE,151,3
GKP,STP,312,3
GKP,JEA,6,2
GLA,MABD,19,7
GLA,GUU,8,1
GLGT,NMGY,16,2
GLP,PAP,6,5
GLPT,NBQ,51,35
GLPT,KYQ,124,25
GLPT,PNVT,8,2
GLPT,KRNI,9,2
GLTA,KSG,18,1
GLTA,SALI,7,1
GLU,TUNI,11,2
GLU,NRP,11,2
GLY,JCL,8,5
GLY,RRGA,10,1
GLY,RJAP,5,3
GM,SNLR,8,2
GM,PFL,9,2
GMAN,KLP,7,1
GMAN,PKR,19,2
GMD,SGP,10,6
GMDA,PVPT,12,6
GMDA,JMPT,18,2
GMDA,KNRT,9,4
GMDN,KGP,2,5
GMDN,MDN,11,2
GMH,TATA,11,2
GMH,SINI,16,1
GMIA,PUS,20,2
GMM,KOTI,6,3
GMM,TSL,5,3
GMO,PNME,18,42
GMO,PRR,92,5
GMO,VAA,40,2
GMO,KQR,93,20
GMO,TATA,182,2
GMO,HZD,45,4
GMO,TET,21,4
GMO,TELO,9,4
GMO,KARO,8,1
GMR,KKRH,3,1
GMS,SMBL,9,2
GMS,HPU,30,10
GMTO,HMY,10,2
GMTO,NHLN,9,2
GNB,KGI,3,1
GNB,NYH,2,1
GNC,PNU,127,2
GNC,SBIB,23,2
GNC,KLL,20,4
GNC,MSH,63,4
GND,RGS,18,4
GNG,RBL,47,10
GNG,JAIS,18,10
GNG,KCJ,16,4
GNGD,KUU,8,4
GNH,PRLI,29,9
GNH,PBN,34,9
GNH,WDN,14,3
GNH,PKNS,17,2
GNK,XBKJ,22,2
GNK,SSM,19,2
GNNA,SGG,7,1
GNNA,KPRD,6,1
GNO,MNI,11,5
GNO,VEER,6,5
GNP,KZJ,20,11
GNP,ZN,29,8
GNP,RGP,16,6
GNP,PQL,12,3
GNPR,KNGR,25,2
GNPR,PLSG,6,2
GNQ,NGP,7,2
GNR,TNGL,7,5
GNR,HPT,26,5
GNRL,SKQ,5,1
GNS,NIR,34,2
GNS,JBP,89,2
GNST,NVS,3,2
GNST,VDH,5,2
GNT,SC,281,8
GNT,TEL,26,23
GNT,SAP,42,43
GNT,PGRL,75,4
GNT,MAG,21,14
GNT,NLDA,171,6
GNT,PDKN,7,4
GNT,NRT,46,18
GNT,PRCA,11,4
GNT,NLPD,5,2
GNT,NBR,9,2
GNT,VJA,12,4
GNT,GT,261,1
GNT,SRPM,23,2
GNT,MRGA,133,3
GNT,OGL,132,2
GNT,NDL,257,2
GNU,SNP,16,13
GNU,SMK,13,12
GNU,PNP,30,1
GNW,PUX,15,4
GNWA,UDR,7,2
GOA,MLAR,17,4
GOA,SONI,16,4
GOC,SRGM,9,1
GOC,TPJ,3,1
GODA,PYHT,17,14
GOGH,KAMG,25,4
GOGH,NOQ,45,6
GOGH,KOJ,33,2
GOH,SGZ,11,8
GOK,KAWR,36,4
GOK,KT,19,12
GOK,MRJN,11,2
GOL,SWR,12,4
GOL,MOU,28,10
GOL,TUX,7,4
GOL,MXW,5,4
GOL,JRA,39,2
GOM,NLP,43,4
GOM,SUZ,8,2
GOPG,THE,5,2
GOPG,SQW,28,2
GOS,MURD,7,1
GOTN,MTD,20,46
GOTN,RKB,81,11
GOTN,KXG,7,4
GOTN,JU,84,23
GOTN,PPR,37,8
GOY,PHN,55,3
GOY,PRYJ,197,21
GOY,TDL,228,6
GOY,ORAI,102,4
GOY,NDLS,437,2
GP,ROU,30,31
GP,GPH,18,10
GP,KXN,9,4
GP,PPO,25,1
GP,PNPL,57,1
GP,SXN,7,2
GP,JSG,72,7
GP,KLG,16,2
GPAE,NDAE,30,1
GPAE,SOAE,7,1
GPB,KUD,46,6
GPB,MRJ,79,4
GPB,RBG,29,6
GPC,NU,6,4
GPD,TADA,23,2
GPD,PON,13,2
GPD,MS,52,4
GPD,SPE,35,4
GPH,SOGR,6,2
GPH,TGM,8,2
GPI,VZM,22,6
GPI,KMX,9,6
GPI,VBL,31,2
GPI,GRBL,10,2
GPU,VPL,11,4
GPU,HNMN,7,4
GPY,KPU,8,2
GPY,KKM,8,2
GPZ,VNE,52,4
GPZ,HMY,51,2
GPZ,TBH,33,2
GPZ,HML,19,2
GQN,PIRO,20,2
GRA,KUN,18,7
GRA,PNP,16,7
GRBL,GTLM,6,2
GRCP,LJR,9,2
GRF,NBH,8,2
GRF,SMP,9,2
GRH,RXL,35,4
GRH,SMI,51,2
GRHI,MLKN,15,4
GRHI,HNS,13,4
GRI,HP,8,1
GRKA,KNNK,4,2
GRKN,RCTC,12,1
GRKN,RHMA,16,1
GRL,MFP,26,8
GRMP,RMPB,13,4
GRMR,KHNM,12,14
GRMR,UCR,18,4
GRMR,PQN,7,10
GRO,SQL,8,4
GRRU,RFJ,15,14
GRRU,PRY,6,2
GRRU,IMGE,7,2
GRWD,TGN,3,5
GRX,MBDD,10,1
GSL,MDN,12,3
GSL,SLB,12,3
GSO,UCA,8,1
GSO,NRW,7,1
GSP,PTK,35,2
GSPR,SHR,11,12
GSPR,JBP,27,2
GSRM,TOI,7,1
GSW,SGF,7,1
GTA,SLRD,5,2
GTD,PRR,15,1
GTD,GUG,14,1
GTHT,HUFP,7,1
GTHT,LLJP,3,1
GTI,HPP,11,2
GTJT,JP,11,2
GTJT,KWP,6,2
GTK,KGB,16,2
GTK,USL,8,2
GTL,MALM,92,19
GTL,GY,29,36
GTL,TU,76,4
GTL,HX,184,6
GTL,YPR,273,2
GTL,SC,405,2
GTL,KRNT,125,2
GTL,RC,122,14
GTL,PDL,46,2
GTL,MKR,14,2
GTL,SSPN,134,2
GTL,TPTY,318,2
GTL,RU,308,2
GTL,HNMN,4,4
GTL,TIM,3,2
GTLM,VZM,6,2
GTM,HAR,15,6
GTM,PTRE,10,2
GTNR,LC,11,2
GTS,JGM,59,7
GTS,TATA,37,18
GTS,HIJ,97,2
GTS,RHE,17,5
GTS,GUD,10,1
GTS,KGP,98,2
GTST,MHT,5,2
GTT,VRR,4,2
GTU,JOA,28,2
GTU,PRLI,24,2
GTX,KSE,3,3
GTX,SYN,4,3
GUB,RPSC,13,2
GUD,RHE,7,1
GUG,KSX,7,1
GUG,PRR,28,2
GUG,JAA,20,2
GUH,GZN,4,1
GUH,MDNR,17,1
GUH,GZB,10,1
GUNA,RTA,20,41
GUNA,MINA,32,5
GUNA,SHDR,29,4
GUNA,SVPI,102,14
GUNA,KLRS,78,2
GUNA,MAKR,116,2
GUNA,MABN,5,1
GUNA,TRWT,15,2
GUNA,SGAC,182,2
GUNA,UJN,255,2
GUNA,SGO,186,2
GUR,KLBG,26,17
GUR,SUR,86,2
GUR,SVG,14,1
GUR,HG,71,2
GUU,MABD,11,1
GUV,PNQ,20,4
GUV,TCR,22,2
GVA,PHM,9,2
GVA,TMB,4,2
GVB,MNV,9,1
GVB,PIA,11,1
GVD,UBR,9,8
GVG,SIR,10,8
GVG,KNN,8,8
GVH,JBS,11,2
GVH,JREA,6,2
GVH,RAH,20,2
GVI,NML,12,1
GVI,VZM,25,2
GVL,PAV,16,8
GVN,NDD,19,6
GVN,RJY,3,8
GVN,KVR,4,2
GVR,RNY,15,2
GVR,KBY,12,2
GW,LDA,10,2
GWA,PTI,7,4
GWA,SWRT,13,4
GWA,KSJ,32,2
GWD,KRNT,55,44
GWD,KCG,180,2
GWD,MBNR,75,30
GWD,SRNR,13,8
GWD,WPR,22,10
GWD,SBBJ,45,4
GWD,IKI,18,2
GWD,PDO,8,2
GWH,HJP,5,1
GWH,HUFP,5,1
GWL,MRA,38,63
GWL,MOJ,64,4
GWL,VGLJ,98,120
GWL,STLI,9,2
GWL,MLAR,25,6
GWL,NZM,305,8
GWL,NDLS,313,2
GWL,SVPI,126,22
GWL,PNHR,26,1
GWL,RENH,52,2
GWL,SAC,18,4
GWM,NZD,21,2
GWV,MED,3,2
GY,TU,47,35
GY,YA,115,7
GY,KRNT,107,2
GY,HX,155,2
GY,JKO,12,2
GY,PLU,11,2
GYJ,TU,46,2
GYM,KPD,25,12
GYM,VN,43,5
GYM,VLT,10,2
GYM,JTJ,59,2
GYN,PRYJ,65,27
GYN,PRRB,62,15
GYN,MBS,13,5
GYN,JI,55,2
GYN,HDK,25,2
GZB,NDLS,25,41
GZB,MTC,47,28
GZB,PKW,26,26
GZB,SBB,6,16
GZB,HPU,37,18
GZB,MB,141,39
GZB,TKJ,23,1
GZB,KRJ,62,12
GZB,NZM,28,26
GZB,TDL,184,6
GZB,GZN,6,5
GZB,MDNR,28,8
GZB,MUD,18,1
GZB,MIU,10,1
GZH,PNC,3,5
GZH,RJPB,5,5
GZKA,OTD,7,2
GZL,NDL,14,7
GZM,JMQ,5,2
GZM,MLDT,8,2
GZN,MUD,12,2
GZN,MDNR,21,2
GZO,MLDT,33,2
HA,STP,25,2
HA,LMP,21,2
HAA,KAWR,13,2
HAD,KYJ,13,18
HAN,SMVJ,10,18
HAPA,RJT,73,56
HAPA,JAM,9,54
HAPA,WTJ,21,2
HAQ,RJP,5,2
HAQ,NRE,6,2
HAR,JSB,13,2
HAS,HLN,31,10
HAS,SBGA,41,2
HAS,SKLR,42,10
HAT,KSB,5,1
HAT,PAO,3,1
HATB,MANE,12,2
HATB,JUJA,12,2
HAUR,PKU,10,2
HAUR,RDU,4,2
HBF,KNGR,8,2
HBF,SPRM,4,2
HBI,KTY,27,2
HBI,MMI,22,2
HBLN,TMX,4,1
HBLN,SHNR,11,4
HBLN,KOTT,2,3
HBS,SVHE,4,2
HBS,KUG,8,2
HBU,KHNP,8,2
HCM,TIU,5,1
HCM,KBM,8,1
HCNR,NKW,11,2
HCNR,JKPR,72,4
HCNR,KDJR,50,6
HCNR,SKND,64,2
HCP,RBL,15,12
HCR,MLDT,56,8
HCR,KNE,90,6
HCR,KDPR,6,8
HCR,SM,21,5
HCR,LAV,13,1
HD,KKN,30,13
HD,TBN,15,13
HD,KNW,107,42
HD,PAL,7,2
HDA,JOB,10,4
HDB,JPG,22,4
HDD,HGI,7,4
HDE,KOO,3,1
HDGR,HEM,22,2
HDK,PRRB,37,2
HDL,KSV,12,4
HDL,PWL,30,4
HDN,MDJ,12,10
HDN,JPL,7,10
HDP,PUNE,6,5
HDP,MJBK,4,1
HDP,URI,22,2
HDU,REI,15,2
HDU,KMZ,14,2
HDW,KGM,6,20
HDW,LKU,17,20
HEB,LOGH,3,1
HEI,MLSA,4,1
HEI,TK,6,1
HEM,SHSK,15,8
HEM,MUE,67,2
HEM,KNVT,59,2
HEM,NED,90,2
HER,UDGR,17,2
HET,SIKD,6,2
HFZ,LPI,5,7
HFZ,SNF,9,7
HG,TKWD,8,4
HG,SLGE,12,3
HG,SUR,15,5
HG,TLT,6,1
HG,IDR,44,4
HG,LHN,33,2
HGH,LKO,57,2
HGI,VP,9,6
HGL,UMD,78,2
HGR,RIG,37,4
HGT,SEGM,34,12
HGT,WR,33,6
HGT,WRR,39,8
HGT,WG,7,1
HGT,NGI,17,1
HHL,KIAT,7,1
HIJ,MDN,18,20
HIJ,JER,65,12
HIJ,TATA,133,9
HIJ,JGM,37,2
HIJ,KGP,4,2
HIKD,KMPU,12,1
HIKD,HMBD,16,1
HIP,ROP,6,6
HIP,TKPL,7,2
HIR,NKE,15,17
HISE,SBGA,16,2
HJI,LKA,14,22
HJI,LMG,45,18
HJI,JID,79,8
HJI,MYD,45,4
HJI,KWM,27,2
HJP,SEE,6,66
HJP,MFP,53,86
HJP,PPTA,21,30
HJP,SPP,38,8
HJP,MNO,30,4
HK,PPEA,7,1
HKD,MNCR,9,3
HKG,SBP,7,12
HKL,MLG,12,2
HKL,NMH,13,2
HLAR,LKY,8,3
HLAR,MLP,17,7
HLK,HSD,20,1
HLK,JRU,10,5
HLK,RGI,10,4
HLKH,HMBD,19,1
HLKH,KNAG,9,1
HLN,KRNR,54,8
HLN,MYS,89,2
HLR,KPA,3,2
HLR,NH,4,2
HLW,JRKN,6,1
HLX,SQF,5,2
HLZ,TMZ,45,2
HM,PDH,14,2
HM,JALD,5,2
HMA,RBA,11,2
HMBD,KLBG,70,3
HMBD,KMPU,29,1
HMH,SGRA,27,12
HMH,SDS,37,8
HMH,HMO,6,6
HMH,PGK,25,12
HMH,JRKN,8,1
HMH,MNSR,11,2
HMH,MBY,57,2
HMH,SGNR,67,2
HMH,SOG,49,4
HMH,NAWN,7,1
HMK,PJK,13,2
HMK,KTPK,4,1
HMK,ORKI,5,1
HML,NBX,15,2
HMO,TIBI,17,4
HMRR,JITE,5,6
HMRR,PEN,5,6
HMT,SJS,41,6
HMT,NHM,67,4
HMT,PRJ,22,4
HMT,RGQ,23,2
HMY,NHLN,19,10
HMY,VNE,103,12
HMY,NLP,30,18
HMY,TBH,18,4
HMY,KTPR,13,2
HMY,RPAN,154,6
HNA,KT,13,12
HNA,MRDW,27,10
HNA,KAWR,69,4
HNA,MANK,18,2
HND,NBT,4,2
HND,MHDB,6,2
HND,MRDL,14,1
HNK,MAD,9,1
HNK,MYA,10,1
HNL,WHM,48,42
HNL,PAU,80,20
HNM,SKAR,8,2
HNPA,SRGP,15,2
HNS,MAYR,8,3
HNS,STD,13,6
HOH,JML,5,1
HOH,MVD,6,1
HOJ,HSA,9,2
HOL,SNK,8,4
HOL,NDN,5,4
HP,SOD,33,4
HP,SEU,20,2
HPG,YKA,2,3
HPGM,KUR,3,2
HPGM,MWQ,6,2
HPHI,KTY,26,2
HPKA,ORR,4,1
HPO,SLNA,16,2
HPO,ROA,16,3
HPO,KGG,41,1
HPP,MRPR,21,18
HPP,RORA,11,2
HPP,KLAR,32,12
HPP,MBA,53,2
HPT,MRB,6,20
HPT,KBL,28,19
HPT,TNGL,33,21
HPT,MMI,22,2
HPU,SMBL,21,2
HPU,PKW,11,26
HPU,MB,104,14
HPU,NDLS,63,2
HPU,MTC,29,10
HPU,KRJ,64,2
HQR,KLBG,9,1
HQR,SDB,17,1
HR,SDLP,14,2
HR,RMB,15,2
HRG,MKDN,6,4
HRG,JNO,10,4
HRI,LKO,102,25
HRI,SPN,62,41
HRI,ROZA,56,3
HRI,SAN,54,6
HRI,LJN,102,2
HRLI,MWT,20,1
HRN,ON,32,2
HRNR,KTHU,29,9
HRNR,VJPJ,27,8
HRNR,SMBX,15,3
HRNR,PTK,52,6
HRNR,JAT,48,2
HRPG,SKN,8,2
HRPG,KEPR,11,2
HRR,RNR,22,42
HRR,HVR,55,9
HRR,UBL,130,2
HRS,TDL,48,20
HRS,SNS,9,1
HRS,PORA,11,1
HRSN,TNL,11,2
HRSN,ULG,11,2
HRT,WENA,5,6
HRT,KRNN,7,2
HSA,MDT,11,4
HSA,RVK,24,2
HSA,SGUJ,126,2
HSD,JRU,29,4
HSD,SHV,10,5
HSD,RGI,10,6
HSDA,PYHT,15,14
HSDA,MDLE,23,20
HSDA,NNHT,17,8
HSDA,MHUR,38,2
HSI,KRH,8,6
HSI,KNAR,6,2
HSK,KBJ,23,8
HSK,KRAR,41,2
HSK,NPD,29,8
HSK,TRKR,10,2
HSP,KZJ,21,1
HSP,OPL,12,1
HSR,SDLP,70,20
HSR,NKN,10,2
HSR,STD,11,9
HSR,SWNI,30,6
HSR,JHL,81,8
HSR,SSA,82,4
HSRA,SBC,60,2
HSRA,SMVB,53,4
HSRA,PCV,71,2
HSX,KUPR,21,2
HTC,KSJ,63,34
HTC,MTJ,42,26
HTC,MRT,40,14
HTC,SKA,34,6
HTE,ROU,161,25
HTE,RNC,7,39
HTE,PKF,62,2
HTE,NXN,135,2
HTK,JSP,14,9
HTK,RKD,7,2
HTK,KOP,21,12
HTK,NMGT,5,1
HTK,MRJ,27,4
HTL,MYD,10,2
HTLA,WTWI,16,1
HTN,MTY,9,2
HTNL,MRB,3,3
HTW,THE,10,1
HTW,LB,12,1
HTZ,LKR,26,4
HTZ,MKA,7,28
HTZ,TALL,3,3
HTZ,KIUL,27,10
HTZU,JLPH,7,1
HTZU,RJO,3,3
HTZU,MKA,8,4
HTZU,NBJU,11,4
HUDU,MESR,8,1
HUDU,JJTI,7,1
HUP,SSPN,57,10
HUP,PKD,38,16
HUP,YPR,93,14
HUP,YNK,83,17
HUP,SBC,110,2
HUP,KJM,99,4
HVD,SIOB,85,9
HVD,MALB,45,3
HVL,SSNH,10,1
HVR,UBL,75,52
HVR,RNR,33,36
HVR,YLG,29,6
HVR,KJG,8,2
HW,RK,41,44
HW,NBD,68,2
HW,MB,167,4
HW,LRJ,27,14
HW,JWP,3,12
HW,RWL,12,8
HW,MOTC,5,12
HW,YNRK,22,6
HW,SRE,76,2
HW,RKSH,23,2
HW,VRH,18,2
HWH,KGP,115,49
HWH,SRC,7,24
HWH,TATA,249,4
HWH,MNAE,132,2
HWH,KQU,34,2
HWH,MCA,58,2
HWH,SRP,20,7
HWH,SHE,22,6
HWH,ULB,32,1
HWH,PKU,72,1
HX,YA,40,44
HX,RJP,51,22
HX,TU,108,4
HX,RU,125,31
HX,KKM,23,4
HX,KOU,84,3
HX,NRE,40,6
HX,KNLP,10,2
HX,KPU,8,2
HYB,SC,11,33
HYB,KQD,2,3
HYT,LSI,12,10
HYT,SPJ,21,8
HYT,RBZ,5,3
HYT,TLWA,5,1
HZBN,KQR,79,2
HZD,PNME,27,24
HZD,KQR,48,20
HZD,PSB,22,8
IAA,RSR,28,4
IAA,MAU,8,14
IAA,KER,13,4
IAA,RTP,15,2
IAM,JHDC,3,2
IAM,NZP,3,2
IB,JSG,9,4
IBL,SRJM,7,5
IBL,MYX,6,3
IDG,LKE,11,18
IDG,SWM,36,26
IDG,KOTA,71,12
IDGJ,JSR,5,4
IDGJ,PCOI,10,2
IDGJ,NYN,11,2
IDH,KLB,22,2
IDH,PTLI,8,2
IDM,TQA,5,1
IDP,TGU,4,2
IDR,LHN,10,5
IDR,SUR,58,4
IDR,NBL,13,2
IDS,MNJR,4,1
IDS,UCR,8,1
IGP,KYN,83,33
IGP,NK,51,39
IGP,KSRA,15,12
IGP,LTT,120,1
IGU,TUP,33,2
IHP,KIP,6,4
IHP,PTRD,4,4
IJK,TCR,24,22
IJK,PUK,10,7
IK,NHB,5,1
IKI,SBBJ,27,2
IKI,MOA,14,2
IKI,PDNA,3,2
IKK,PRI,5,1
IKK,JWP,4,1
IKR,PCLI,4,4
IKR,PUX,7,4
IMAM,KDT,5,4
IMAM,VPL,6,4
IMGE,RFJ,9,2
IMR,JML,10,1
INDB,UJN,82,13
INDB,LMNR,3,3
INJ,UD,10,2
INJ,PDD,7,2
INK,NKD,10,2
INK,KDM,6,2
INP,KOL,11,3
INP,MNI,6,3
IPL,KLMR,5,2
IPM,SPT,18,34
IPM,PSA,49,6
IPM,SLRD,9,2
IPPM,SPF,4,2
IPR,PRP,111,2
IRA,PNP,19,2
IRP,MYY,4,2
IRP,QLN,4,2
ISA,SRAS,10,4
ISA,SURL,9,4
ISH,JRK,9,2
ISH,NOI,8,2
ISHN,MCSC,25,4
ISHN,KHGP,22,4
ISM,SPZ,3,1
ISM,KRZ,7,1
ITA,MYG,12,3
ITA,VS,15,2
ITA,KSPR,4,1
ITA,VRM,5,1
ITE,SUBR,15,2
IZN,PBE,51,6
IZN,KHH,59,4
J,PTU,45,18
J,SELU,71,2
J,PBN,114,21
J,RNE,31,4
JAA,MURI,12,22
JAA,KSX,11,13
JAA,THO,8,1
JAB,TDL,20,2
JAC,REN,15,2
JAIS,RBL,29,13
JAIS,KCJ,2,3
JAJ,KIUL,54,74
JAJ,JSME,44,128
JAJ,JMU,26,25
JAJ,PNBE,177,4
JAJ,RJLA,4,2
JAJ,STL,18,8
JAJ,LKR,56,4
JALD,WTJ,10,2
JAM,LPJ,51,4
JAM,KMBL,54,30
JAM,LKBL,11,2
JAM,WSJ,105,3
JAM,PBR,139,1
JAM,RJT,82,4
JAM,KNLS,26,2
JAO,NLI,20,4
JAO,MDS,51,16
JAO,RTM,33,19
JAQ,VTM,5,2
JAT,VJPJ,20,10
JAT,KTHU,76,54
JAT,MCTM,53,57
JAT,PTKC,99,41
JAT,LDH,265,4
JAT,RMJK,43,4
JAT,SMBX,32,3
JAT,SVDK,78,6
JAT,PTK,99,2
JAT,JRC,213,2
JAUA,NGRH,31,2
JBD,LDK,18,2
JBK,SDV,12,2
JBO,VAA,3,1
JBP,NU,84,56
JBP,KTE,90,152
JBP,STA,189,26
JBP,NIR,123,10
JBP,KTES,89,4
JBP,SHR,38,20
JBP,MML,3,32
JBP,KMZ,91,8
JBP,SRID,53,6
JBP,PPI,178,29
JBP,PCOI,359,2
JBS,RAH,9,2
JBU,SSKL,6,1
JBX,KPP,8,2
JBX,PRB,7,2
JCH,SBLT,21,1
JCH,THM,23,1
JCL,KCG,88,4
JCL,MBNR,18,27
JCL,SHNR,36,22
JCNR,KARD,7,1
JDA,KJN,13,2
JDB,JYP,65,2
JDB,KPRR,32,6
JDB,NKX,7,2
JDB,KMEZ,9,2
JDH,WSJ,23,1
JDH,UA,35,2
JDH,PBR,56,1
JDL,JMS,13,1
JEA,MIM,4,2
JER,LXD,6,4
JER,RGT,8,4
JER,ROP,30,2
JER,KGP,68,9
JES,RSNR,30,6
JES,SOG,26,6
JEUR,SUR,113,1
JEUR,KEM,16,8
JEUR,JNTR,35,2
JEUR,KWV,35,8
JEUR,WSB,18,1
JEUR,PRWD,26,4
JGA,KML,11,2
JGA,JNR,8,2
JGLP,NHLG,12,4
JGLP,NHGJ,9,2
JGM,KGP,39,18
JGM,TATA,96,2
JGN,LDH,40,8
JGN,MOGA,29,10
JGN,MLX,19,2
JGNR,JRNA,13,4
JGP,TPV,4,1
JGP,SPYA,4,1
JGR,SKB,39,1
JHD,TEA,15,17
JHD,NDU,9,2
JHD,THA,12,2
JHD,MDE,16,6
JHD,PNBE,45,8
JHD,KRON,4,2
JHD,JHDC,3,2
JHJ,RE,45,2
JHJ,ROK,37,2
JHL,NRW,38,8
JHL,SAG,50,14
JHL,TUN,12,24
JHL,JIND,72,10
JHL,LHA,17,14
JHL,UKN,34,2
JHL,LDH,128,2
JHL,SFMU,38,4
JHL,MSZ,45,2
JHL,ROK,129,2
JHN,RFJ,11,10
JHN,PES,11,6
JHT,SCKR,10,2
JHW,RMA,11,4
JI,PRRB,7,2
JIBI,THTW,7,2
JIND,ROK,57,35
JIND,NRW,34,22
JIND,UCA,19,7
JIND,JNA,25,5
JIT,KMAE,5,2
JITE,ROHA,52,2
JITE,PEN,10,1
JJ,MIA,14,2
JJG,MBB,7,10
JJG,LGL,24,2
JJG,SBNM,5,3
JJK,RURA,19,12
JJK,PHD,20,6
JJK,KNS,11,2
JJKR,JKPR,8,2
JJKR,KRIH,5,2
JJN,SIKR,64,2
JJN,LHU,58,2
JJN,NWH,37,6
JJN,NUA,12,1
JJN,RSH,14,4
JJP,SKI,20,8
JJP,NMA,37,2
JJR,SSV,47,2
JJR,NIRA,27,6
JJR,PUNE,58,7
JJR,STR,87,2
JJR,LNN,34,2
JJT,JNA,5,1
JJT,KIU,8,1
JJTI,SANI,6,1
JKAR,MRKL,13,2
JKAR,MKTL,11,2
JKB,NGAN,42,6
JKB,SHTT,8,6
JKDP,SIL,6,2
JKDP,MLT,3,2
JKE,PTWA,8,4
JKE,PKRD,10,4
JKE,MYR,46,4
JKE,KMZ,19,2
JKE,KTE,17,4
JKE,UDR,19,2
JKHI,NKN,6,2
JKN,MAU,29,2
JKN,SRNT,53,1
JKN,SDT,10,8
JKNI,KPE,16,4
JKNI,TLR,27,4
JKO,RLO,11,2
JKPR,SKND,7,4
JKR,MTY,11,2
JKT,RET,5,1
JKT,USRA,8,1
JL,PC,47,25
JL,MMR,159,34
JL,NK,233,12
JL,NDB,150,27
JL,PLD,12,4
JL,ST,311,2
JLL,KSF,11,3
JLL,ZBD,12,8
JLN,LAR,16,2
JLR,JND,26,16
JLR,VRR,19,6
JLR,VDV,25,4
JLR,UA,32,2
JLR,NUD,6,8
JLS,PORA,9,1
JLWC,RMA,26,2
JM,MKU,40,2
JM,SEG,12,9
JM,NN,12,7
JMD,SHF,21,2
JMD,RM,9,2
JMDG,KLKA,46,4
JMDG,PRDT,18,4
JMKT,RDM,57,2
JMKT,KZJ,38,6
JMKT,OPL,12,6
JMKT,OEA,20,2
JMKT,WL,45,6
JMKT,PDPL,38,10
JMKT,PTKP,17,2
JMP,SGG,29,19
JMP,RPUR,7,3
JMP,KIUL,45,1
JMP,PNBE,168,2
JMPT,RGDA,15,2
JMPT,LDX,7,2
JMPT,KNRT,9,2
JMQ,KTJ,8,2
JMRA,MOAR,10,3
JMS,KNSR,14,1
JMT,MDP,42,22
JMT,VDS,18,18
JMT,JSME,71,2
JMU,LKR,29,4
JMU,KIUL,28,21
JMU,MNP,14,10
JMV,LLD,7,4
JNA,ROK,32,5
JNA,KZH,6,1
JND,KSD,36,16
JND,NUD,31,4
JND,VRL,82,6
JND,RJT,103,2
JND,VAL,10,2
JND,SHH,11,2
JNH,PLP,23,10
JNH,MAY,30,12
JNH,SAW,15,8
JNH,URPR,15,4
JNH,SQN,5,4
JNH,PRYJ,59,12
JNH,MBDP,53,6
JNK,TABU,10,1
JNK,SIPA,9,1
JNKR,MRIJ,12,2
JNN,MHQ,8,2
JNO,PCLI,8,4
JNO,PUX,18,4
JNO,NVG,25,4
JNR,KML,20,11
JNR,SMI,25,17
JNRI,URML,7,2
JNRI,SNAR,23,2
JNTR,PRWD,10,1
JNU,ZBD,7,16
JNU,SHG,33,31
JNU,KS,23,5
JNU,MIH,12,2
JNU,KCT,30,9
JNU,JOP,12,2
JNU,MAY,24,6
JNU,MFJ,18,1
JNU,SLN,99,2
JNU,PRYJ,114,4
JOA,WDLN,7,2
JOB,JP,37,10
JOB,KKU,28,2
JOBA,MWJ,7,2
JOC,PRR,39,10
JOK,SHN,5,2
JOL,JRG,5,2
JOO,VAR,1,1
JOP,LBA,64,2
JOP,SLN,86,24
JOP,ZBD,6,2
JOP,SKN,28,8
JOP,PDRD,33,2
JOR,MKSR,33,24
JOR,MON,34,24
JP,SWM,131,9
JP,KSG,109,38
JP,NRI,65,2
JP,RGS,57,14
JP,NAC,90,4
JP,MKN,120,6
JP,KKU,9,8
JP,KMNC,106,10
JP,JU,313,2
JP,KWP,16,3
JPD,UCR,19,4
JPD,MNJR,7,1
JPE,NJP,34,34
JPE,MHBA,63,6
JPE,NCB,93,8
JPE,NMX,12,10
JPE,NCBD,26,2
JPG,NJP,35,4
JPH,SRJM,10,5
JPL,NBG,16,10
JPL,KYF,8,2
JPZ,PNVT,11,2
JRA,ROU,28,2
JRBM,VNGP,11,2
JRC,PGW,17,45
JRC,JUC,4,23
JRC,LDH,52,70
JRC,PTKC,113,72
JRC,KUPR,17,1
JRC,MEX,73,10
JRC,TDO,42,4
JRG,TKH,7,2
JRG,ROP,12,3
JRJE,STRB,10,2
JRJE,UDPU,9,2
JRK,SGO,35,2
JRK,KYE,18,2
JRK,SMRR,9,2
JRKT,SII,6,1
JRKT,KLM,5,1
JRKT,LMT,15,2
JRKT,MGL,12,2
JRL,PUW,7,5
JRL,SDRA,8,5
JRL,KSI,14,2
JRLE,MLDT,82,6
JRLE,NILE,20,16
JRLE,NFK,47,3
JRLI,NYG,13,2
JRMG,KTSH,7,1
JRNA,TLMR,21,4
JRPD,KPJG,10,2
JRR,SFH,4,1
JRR,ML,6,1
JRT,MVF,9,2
JRT,MVG,11,2
JRTB,NSGR,11,4
JRU,RRB,68,25
JRU,RGI,20,4
JRU,MYK,18,2
JRW,MNC,5,2
JRW,MDP,9,2
JRZ,SCPR,3,2
JRZ,RJGR,12,2
JSE,KCV,4,5
JSG,ROU,102,79
JSG,RIG,72,32
JSG,SBP,49,20
JSG,RGL,26,18
JSG,PNPL,15,4
JSG,SBPY,45,10
JSG,JSGR,2,2
JSGR,SBPY,43,10
JSGR,RIG,71,6
JSGR,SBP,46,4
JSKA,PTRD,5,4
JSKA,TNJR,3,4
JSM,POK,106,9
JSM,THM,20,1
JSME,MDP,29,138
JSME,KIUL,98,4
JSME,PNBE,221,6
JSME,KBQ,5,4
JSME,LHB,16,2
JSME,STL,26,6
JSME,TLB,23,2
JSME,SNQ,9,2
JSME,LKR,99,2
JSP,MRJ,12,10
JSP,NMGT,9,1
JSR,MFX,6,4
JTB,SWA,6,3
JTDM,PPN,2,2
JTDM,PFT,4,2
JTI,PND,36,8
JTI,VKR,18,4
JTI,TGQ,80,2
JTJ,KPD,83,181
JTJ,SBC,140,5
JTJ,SA,125,100
JTJ,KJM,126,11
JTJ,WJR,108,1
JTJ,KPN,38,26
JTJ,SMVB,133,8
JTJ,VN,16,22
JTJ,MAP,58,7
JTJ,SLY,34,4
JTJ,TPT,11,9
JTJ,WFD,125,4
JTJ,PU,16,1
JTL,KAN,4,3
JTO,SHZ,3,6
JTO,TVI,5,5
JTO,KANO,24,1
JTRD,MSDG,7,2
JTRD,SGLA,27,2
JTS,NLQ,4,5
JTS,KGBS,8,5
JTS,RE,17,2
JTS,KSI,11,2
JTTN,MXN,18,4
JTW,STA,21,14
JTW,MJG,20,10
JTW,SAGM,15,2
JTW,MKP,58,4
JU,MTD,104,36
JU,SMR,80,6
JU,PMY,73,18
JU,RKB,3,25
JU,LUNI,32,28
JU,OSN,64,2
JU,PPR,47,11
JU,PLCJ,137,2
JU,NGO,161,2
JU,MJ,104,2
JU,MMY,33,2
JUC,KRE,15,7
JUC,PGW,21,37
JUC,KUPR,22,1
JUC,LDH,56,35
JUC,SQR,46,4
JUC,PTKC,112,2
JUC,KXH,21,6
JUCT,RKB,6,2
JUDW,YJUD,5,18
JUDW,UMB,46,10
JUDW,MFB,12,5
JUDW,RAA,21,3
JUJA,SBP,39,2
JUJA,RAIR,32,2
JUR,KMQA,7,2
JUR,VML,6,2
JVN,VG,69,4
JVN,SRGT,2,5
JVN,LM,24,2
JVN,WC,4,3
JWB,PDWA,39,16
JWB,NANA,22,2
JWB,PMY,113,2
JWB,MJ,83,2
JWL,KSW,18,2
JWNR,SKAP,12,2
JWO,NBH,10,9
JWO,NMH,16,7
JWP,LRJ,24,7
JWP,RK,37,4
JYG,MBI,32,18
JYG,KRHA,7,1
JYG,RJA,22,2
JYG,KJI,12,8
JYK,LMY,10,2
JYK,MZS,7,2
JYM,ZW,23,6
JYM,SES,21,6
JYP,KRPU,41,8
JYP,KPRR,32,6
KAD,LNL,4,1
KAD,KJT,24,1
KAG,MYK,8,2
KAH,MABA,9,4
KAJ,RGJ,20,4
KAJ,RDP,12,4
KAJG,LSR,10,2
KAJG,PSD,5,2
KAL,SVGA,22,8
KAL,KKDI,17,6
KALS,YLG,6,2
KAMG,NOQ,20,8
KAMP,KRJ,6,1
KAN,MNAE,24,2
KAN,TIT,6,3
KANJ,NEP,3,1
KANO,KEJ,8,3
KANO,KDZ,6,5
KANO,SGS,13,1
KAP,RPO,5,4
KAPG,KUR,43,2
KAPG,NKP,17,10
KAPG,KUU,7,6
KARD,KHBV,8,1
KARO,KNF,3,1
KARR,SASN,16,4
KARR,MRND,17,2
KARR,NMDA,16,2
KART,RPAR,28,6
KASR,KUR,11,3
KASR,MWQ,3,4
KASU,PEN,14,4
KASU,NGTN,14,4
KAT,MUT,29,3
KAT,MOZ,22,10
KAT,SKF,9,6
KATI,TMZ,62,16
KATI,RMRB,24,4
KATI,NDKR,51,1
KATL,MER,10,2
KATL,KLBA,10,2
KATL,NGP,59,14
KATL,NRKR,25,9
KATL,PAR,44,2
KATL,MTY,84,2
KAV,NITR,3,2
KAV,KP,8,2
KAW,SVPI,16,3
KAW,PARH,18,3
KAWR,MAO,59,50
KAWR,KT,55,14
KAWR,UD,190,16
KAWR,MAJN,256,2
KAWR,KUDA,159,2
KAWT,NMK,21,5
KAWT,SMPR,16,5
KBA,MCU,31,1
KBA,MPL,9,3
KBA,TAT,15,2
KBE,SLN,18,2
KBE,KJA,13,2
KBH,NDB,23,2
KBH,KHTG,8,5
KBJ,KRAR,64,19
KBJ,TIG,33,33
KBJ,NPD,52,2
KBJ,MRBL,15,4
KBJ,TRKR,13,2
KBJ,R,172,4
KBL,MRB,21,12
KBM,NWP,14,8
KBM,TIU,14,8
KBN,PMPR,5,1
KBPR,SBHR,43,14
KBQ,SNQ,3,4
KBR,MTH,11,2
KBRV,ND,11,4
KBY,TNL,12,2
KCA,SLD,7,1
KCC,MAG,6,3
KCC,PVD,7,2
KCD,VKN,24,8
KCG,KZJ,139,14
KCG,MBNR,105,34
KCG,KMC,113,12
KCG,SC,7,10
KCG,UR,20,10
KCG,MJF,9,13
KCG,SHNR,52,14
KCG,MXT,2,7
KCG,STPD,5,4
KCG,MED,33,6
KCG,VAR,2,1
KCI,PIL,14,8
KCI,MPL,28,6
KCI,VLD,20,2
KCJ,RBL,31,1
KCM,MGB,18,1
KCM,KRY,14,3
KCM,MVA,8,2
KCP,KMNR,9,2
KCR,KLRS,10,3
KCR,SVPI,15,3
KCT,MFJ,12,1
KCVL,QLN,58,50
KCVL,VAK,35,2
KCVL,TVP,4,2
KCVL,KZK,7,2
KDAA,NDNR,6,1
KDAA,NAHT,14,1
KDE,TVR,16,2
KDE,NMJ,8,2
KDF,MBDP,15,2
KDF,PPU,12,2
KDG,URI,25,12
KDG,YT,13,1
KDG,PAA,9,1
KDGI,KGIH,6,1
KDHL,KEP,3,1
KDJR,NANR,6,2
KDKL,LKDM,6,2
KDLR,KSNG,8,2
KDLR,RPRD,8,2
KDM,MABD,15,14
KDM,WL,47,8
KDM,NKD,16,5
KDM,TAA,10,1
KDMR,SOJN,5,1
KDMR,VTJ,5,1
KDN,TNGL,13,2
KDNL,PBKS,9,11
KDNL,TSI,16,17
KDNL,SNKL,21,6
KDP,YA,39,2
KDP,TU,28,2
KDP,MUM,9,2
KDP,RLL,8,2
KDPR,LAV,7,6
KDPR,SM,27,2
KDPR,KIR,30,4
KDPR,MLDT,61,4
KDRP,RCTC,15,1
KDT,KLU,8,4
KDU,MEJ,14,2
KDVI,SGR,8,1
KDZ,SLR,6,6
KDZ,SGS,20,1
KEA,MUR,30,2
KEB,VAPI,6,7
KED,MZZ,8,4
KED,KPLD,4,2
KEF,PNM,10,3
KEF,NDL,25,2
KEH,SWPR,5,3
KEH,PRF,9,3
KEJ,SGS,5,3
KEK,UMRI,16,2
KEM,KWV,18,10
KEN,PAM,15,3
KEP,PRTN,8,1
KEPR,LBA,17,2
KESR,SGNR,25,6
KESR,SRW,23,6
KFA,MNE,21,4
KFA,SBV,7,8
KFD,SAPE,8,5
KFD,VINH,10,5
KFD,VEER,16,6
KFD,KHED,35,6
KFF,NWU,10,5
KFV,KUV,2,2
KGA,SRO,25,6
KGA,PRYJ,82,4
KGA,SNIE,7,1
KGA,KTCE,7,1
KGB,PND,69,4
KGB,USL,24,8
KGB,SLKR,8,2
KGBP,TGBP,9,2
KGBS,RE,10,5
KGD,TMQ,15,2
KGD,VPT,11,2
KGG,SBV,36,2
KGG,NNA,67,45
KGG,MNE,9,45
KGG,KIR,124,8
KGG,ROA,57,2
KGG,SKJ,14,8
KGG,LKN,23,8
KGG,SLNA,25,4
KGG,MGR,18,4
KGG,NBJU,53,6
KGG,SPJ,85,2
KGG,SHC,53,2
KGI,SBC,13,39
KGI,MYA,80,10
KGI,RMGM,32,11
KGI,NYH,5,3
KGI,MAD,62,2
KGIH,MVD,8,1
KGL,KO,13,1
KGLE,KWAE,58,7
KGLE,LCAE,7,1
KGLE,SALE,41,8
KGP,SRC,108,93
KGP,TATA,134,42
KGP,MDN,13,18
KGP,PKU,44,22
KGP,MCA,57,6
KGP,SHM,113,2
KGP,NYA,23,2
KGP,SDAH,142,2
KGQ,MAJN,47,53
KGQ,PAY,53,3
KGQ,KZE,23,36
KGQ,MAQ,46,27
KGQ,MJS,29,1
KGQ,NLE,32,2
KGQ,KQK,10,6
KGQ,KMQ,12,8
KGS,PND,35,2
KGS,TGQ,9,2
KGX,RLP,9,1
KHAT,RRL,8,2
KHBJ,KTES,52,4
KHBJ,VST,31,2
KHBJ,MFQ,12,2
KHBJ,KMZ,53,5
KHED,MNI,68,13
KHED,VINH,25,2
KHED,VEER,51,10
KHED,PNVL,175,12
KHED,KLBN,7,3
KHED,RN,105,6
KHED,ROHA,98,4
KHF,NGRD,5,4
KHF,PNPN,4,2
KHGP,TKMG,36,14
KHGP,MCSC,47,10
KHH,LKU,17,12
KHH,PBW,12,4
KHM,SANR,6,1
KHMA,PBE,39,8
KHMA,MJZ,12,4
KHMA,TPU,25,8
KHN,TLO,5,1
KHN,PDA,5,1
KHNM,LGO,14,14
KHNM,PRG,49,2
KHNM,UCR,30,2
KHNP,KNAG,10,1
KHRI,MHQ,5,1
KHRI,KNF,4,1
KHRJ,RTA,24,8
KHRK,KLNK,8,2
KHS,RIG,34,22
KHS,SKT,16,16
KHT,RU,23,22
KHT,VKI,24,13
KHT,YPD,14,1
KHT,YLK,12,1
KHT,NDZ,33,1
KHT,TPTY,33,1
KHV,SMF,7,1
KHV,KZH,9,1
KI,MDR,40,2
KI,YP,24,4
KIAT,TK,6,8
KIC,SMD,11,4
KID,MTH,10,2
KIF,KKZ,7,4
KIGL,YY,17,10
KIGL,YPR,68,5
KIGL,NMGA,45,8
KIK,NCR,11,6
KIM,ST,23,6
KIM,KSB,8,13
KIM,SYN,10,7
KIM,UDN,27,2
KIN,MVJ,37,6
KIP,KWMD,5,4
KIP,PTRD,10,1
KIP,RE,12,1
KIR,KNE,98,37
KIR,NNA,57,63
KIR,PRNA,28,11
KIR,LAV,23,13
KIR,SMO,11,12
KIR,NJP,185,12
KIR,MNS,9,2
KIR,SPJ,210,4
KIR,MLDT,91,1
KISN,ODM,5,1
KIT,RBA,11,4
KITA,SLF,8,1
KIUL,NWD,70,6
KIUL,MKA,34,49
KIUL,PNBE,123,8
KIUL,KJH,16,21
KIUL,LKR,1,38
KIUL,MNP,14,10
KIUL,RMPR,2,2
KIUL,SHK,26,4
KIUL,RJPB,121,2
KIUL,TIA,88,2
KJ,PC,26,2
KJA,SLN,31,2
KJA,MEQ,8,2
KJG,KVS,4,2
KJH,UREN,4,3
KJI,LLPR,6,1
KJI,KRHA,5,1
KJI,RJA,10,6
KJI,MBI,19,2
KJL,NN,8,1
KJM,SMVB,8,53
KJM,WFD,9,25
KJM,YPR,19,3
KJM,SBC,14,21
KJM,SA,247,6
KJM,YNK,16,8
KJM,KPD,210,3
KJM,MLO,27,2
KJM,KPN,89,2
KJME,UDL,6,2
KJME,UKA,6,2
KJT,KYN,47,31
KJT,PUNE,92,10
KJT,NRL,14,1
KJT,LNL,28,25
KJT,PNVL,28,4
KJT,TGN,58,1
KJU,TBAE,4,1
KJV,LAT,11,4
KJW,MTD,23,2
KJW,MDW,17,2
KJY,KRJ,7,2
KJZ,SJQ,6,2
KK,TGN,28,2
KK,SVJR,4,10
KK,PMP,8,2
KK,LNL,57,3
KK,PUNE,7,4
KK,KYN,132,1
KKB,SRID,15,8
KKB,NU,16,2
KKD,PTP,10,1
KKDE,NLKR,17,6
KKDE,SHDM,22,11
KKDE,TRR,21,4
KKDE,UMB,41,36
KKDE,PNP,68,6
KKDE,KUN,33,31
KKDE,KLE,49,2
KKDI,PDKT,36,20
KKDI,MNM,61,7
KKDI,SVGA,41,9
KKDI,TPJ,89,3
KKGT,PTKD,5,2
KKJ,MLD,11,1
KKK,KKV,11,2
KKK,VDV,8,2
KKLR,MDVL,7,5
KKLU,KMSD,12,2
KKLU,KWGN,12,2
KKM,YA,17,4
KKM,YGD,8,2
KKN,KNW,76,9
KKNH,SHC,4,2
KKPM,LLI,18,2
KKRD,VYA,11,5
KKRD,USD,7,5
KKS,MWH,10,1
KKT,POU,8,1
KKV,VDV,19,2
KKV,LDU,13,2
KKW,VBW,31,8
KKW,SNDD,17,26
KKW,NAN,15,16
KKW,RN,111,22
KKW,SWV,49,4
KKW,RAJP,47,4
KKW,KUDL,29,10
KKW,KRMI,99,2
KKW,THVM,81,8
KKY,PCM,11,4
KKZ,KUV,12,8
KL,NBI,17,18
KL,MURD,19,16
KL,TBL,9,1
KLA,SOM,10,1
KLA,MWUE,6,1
KLAR,MBA,21,14
KLB,SNPR,6,2
KLB,MIQ,9,2
KLBA,TNH,8,2
KLBG,SDB,27,29
KLBG,SUR,112,62
KLBG,WADI,37,45
KLBG,KMPU,42,1
KLBG,VKB,150,2
KLBG,RC,144,4
KLBG,YG,76,4
KLBG,TJSP,12,1
KLCR,MOAR,7,3
KLCR,MPRA,6,3
KLD,SWA,17,7
KLD,MHH,8,3
KLD,MND,15,2
KLE,NRW,37,2
KLG,PPO,9,2
KLG,KXN,7,2
KLG,ROU,14,2
KLGD,PGTN,18,2
KLGD,POY,36,2
KLHD,KMKD,6,1
KLK,TSL,6,3
KLL,MSH,42,12
KLL,SBIB,21,8
KLM,MGL,7,1
KLMG,PNVL,6,9
KLMG,TPND,5,2
KLMG,NVRD,2,5
KLNK,ROK,20,8
KLNK,LHLL,6,2
KLNP,RHA,4,3
KLP,TBB,8,1
KLQ,QLN,6,5
KLQ,KUV,7,3
KLRE,MGME,7,4
KLRE,RAY,7,6
KLRE,PTRU,36,6
KLRE,TORI,29,10
KLRS,SVPI,24,8
KLRS,LWS,15,3
KLT,TP,33,5
KLT,KRR,39,5
KLT,MMH,14,1
KLT,TPJ,37,1
KLV,SAH,6,7
KLV,PLG,8,7
KLWD,SAY,4,2
KLWL,PJK,6,1
KLX,TEL,7,3
KLYT,PLCJ,112,4
KLYT,LGH,46,4
KLZ,SEY,51,2
KLZ,NIR,22,2
KMA,STA,5,2
KMA,SKAR,7,2
KMAH,SVX,9,1
KMB,KVO,4,2
KMBL,MDPR,17,2
KMBL,KNLS,28,2
KMC,NZB,52,56
KMC,SC,108,20
KMC,MED,81,8
KMC,WDR,43,6
KMD,PGR,12,4
KMDR,YFP,14,4
KMEZ,TPQ,8,2
KMGE,SSM,8,2
KMGE,KTQ,18,2
KMH,YA,7,2
KMH,MOO,9,2
KMI,SZB,6,2
KMJ,SSD,13,3
KMJ,RDN,15,4
KMJ,KSJ,78,4
KMK,KRAR,10,4
KMKD,MKU,9,1
KMNC,NAC,16,26
KMNC,MKN,14,40
KMNR,UDGR,19,12
KMPU,KUKT,16,1
KMQ,MJS,17,4
KMQ,MAQ,34,2
KMQ,UAA,10,2
KMQA,TU,6,2
KMSD,SZY,10,2
KMSI,SMET,26,4
KMST,MVL,8,3
KMST,KNHE,4,3
KMT,MABD,47,20
KMT,MDR,44,23
KMT,WL,109,52
KMT,RYP,90,4
KMT,YP,60,2
KMU,MV,31,22
KMU,PML,15,14
KMU,TJ,40,16
KMZ,MYR,65,8
KMZ,SBD,28,2
KMZ,REI,29,2
KMZ,SHR,53,4
KMZ,UDR,38,2
KMZ,UMR,60,15
KMZ,SGO,186,4
KMZ,STA,101,7
KMZ,SDL,128,12
KN,PGI,10,2
KND,TATA,21,2
KND,KZU,4,3
KND,SINI,15,2
KNDP,PDZ,6,4
KNDP,SMVJ,7,4
KNDV,SBC,6,1
KNDV,NYH,2,1
KNE,NJP,88,111
KNE,MLDT,146,28
KNGR,PLH,26,4
KNGR,LRI,7,2
KNHE,VDN,6,3
KNHN,KP,4,2
KNHN,SAL,6,2
KNJ,RHA,26,6
KNKT,SDD,7,1
KNKT,RJT,22,1
KNL,RKK,9,2
KNL,SCV,8,2
KNL,SSA,33,7
KNL,RMN,14,3
KNLS,PPLI,5,2
KNLS,MDPR,11,2
KNN,SIR,18,16
KNN,LDH,43,22
KNN,RPJ,43,2
KNNA,NHR,19,2
KNNK,MHRG,17,2
KNO,SNH,9,2
KNO,UBL,15,2
KNP,LD,25,14
KNPR,MACR,4,2
KNPS,MLKA,10,1
KNPS,TABU,8,1
KNRT,RGDA,24,2
KNS,PHD,9,2
KNSR,LGH,12,1
KNT,MB,29,10
KNT,SEO,17,6
KNVT,NED,148,2
KNVT,SHSK,45,2
KNW,NPNR,43,10
KNW,TLV,15,6
KNW,PPI,250,2
KNW,MKU,167,12
KNW,MTA,8,2
KO,MALM,13,4
KOAA,NH,34,24
KOHL,KSWR,11,2
KOHL,SNKB,7,2
KOHR,ZB,14,4
KOHR,MRF,10,4
KOI,PND,12,2
KOI,USL,81,2
KOI,SBRA,7,2
KOJ,NBQ,31,75
KOJ,NCB,97,6
KOJ,NOQ,78,40
KOJ,SLKX,9,4
KOKA,TMR,10,2
KOL,ROHA,13,3
KOLA,KRNT,2,3
KOLR,OEA,6,4
KOLR,PDPL,13,2
KOLR,KYOP,5,2
KON,SDN,17,1
KON,MDU,4,3
KON,TNM,402,1
KON,TEN,160,1
KON,KQN,36,2
KONN,WPR,5,2
KONN,KXI,9,2
KONY,KSH,7,2
KOO,KWO,6,5
KOO,RJPB,28,2
KOP,VV,7,2
KOP,MRJ,47,9
KOTA,RTM,265,74
KOTA,SWM,108,125
KOTA,KPTN,13,12
KOTA,LKE,61,6
KOTA,NZM,457,20
KOTA,MTJ,324,8
KOTA,RMA,72,55
KOTA,KPZ,33,4
KOTA,SMVJ,206,4
KOTA,SGZ,133,6
KOTA,NAD,225,18
KOTA,NDLS,464,4
KOTA,THEA,24,2
KOTI,SWO,10,3
KOTT,TMX,2,3
KOU,RU,41,16
KOU,RJP,33,12
KOU,OBVP,13,2
KOU,TPTY,51,1
KOU,SF,10,2
KOV,TKR,9,6
KOV,KRD,35,13
KOV,SLI,34,11
KOX,SURI,8,2
KP,NITR,11,12
KP,NGP,15,8
KP,SAL,10,1
KPA,KYI,3,4
KPA,NH,7,2
KPD,VLR,10,25
KPD,TRT,70,2
KPD,MAS,136,24
KPD,SBC,230,4
KPD,RU,126,50
KPD,WFD,208,2
KPD,PER,130,37
KPD,WJR,25,12
KPD,MCN,17,5
KPD,SA,209,16
KPD,SHU,40,2
KPD,VN,68,2
KPD,TPTY,104,8
KPD,TPT,95,2
KPD,PAK,63,3
KPD,SMVB,224,3
KPD,TNM,93,1
KPE,TLR,11,6
KPG,PB,24,4
KPG,MMR,42,74
KPG,YL,13,2
KPG,SNSI,41,12
KPGM,SPJ,6,5
KPGM,KRBP,8,4
KPI,ORAI,33,14
KPI,PHN,14,14
KPK,RNG,13,2
KPL,KTV,8,4
KPLD,RDBR,5,2
KPLE,PNE,6,3
KPLL,VTM,3,2
KPLL,KVDU,5,2
KPN,MAR,12,1
KPN,TPT,46,6
KPN,SA,163,3
KPNA,NIA,6,4
KPP,SJP,12,20
KPP,PRB,15,6
KPP,SEH,29,12
KPP,SHRN,57,2
KPQ,PAZ,8,8
KPQ,PAY,20,5
KPQ,VAPM,7,2
KPRD,SGG,13,4
KPS,TKV,6,1
KPTN,SWM,95,2
KPTN,KPZ,20,6
KPTN,LKE,48,4
KPTO,TLJ,6,1
KPTO,MJP,8,1
KPV,RMR,27,8
KPV,PLS,31,2
KPV,MB,49,4
KPV,RHN,21,2
KPXR,KUR,9,2
KPXR,TAP,9,2
KPY,KYJ,14,34
KPY,STKT,8,20
KPY,MQO,12,2
KPY,QLN,28,14
KPY,OCR,7,2
KPZ,LKE,28,8
KPZ,LBN,19,2
KQA,VDD,9,1
KQA,NLR,48,1
KQE,TAKU,10,1
KQI,MUPA,4,2
KQI,MBG,5,2
KQK,KZE,13,3
KQL,SMQL,14,2
KQN,MDU,40,14
KQN,SDN,19,4
KQQ,KXI,5,2
KQR,PNME,75,32
KQR,PSB,26,10
KQR,PRP,44,10
KQR,MHSA,19,2
KRA,PCZ,10,2
KRAI,MID,5,3
KRAI,VYA,10,3
KRAR,MSMD,52,11
KRAR,NPD,12,10
KRAR,R,107,2
KRBA,URGA,8,2
KRBP,SPJ,14,14
KRD,MSR,14,7
KRD,TKR,26,6
KRD,STR,58,33
KRD,SLI,68,22
KRD,SIW,8,1
KRG,STR,11,8
KRG,RMP,10,6
KRG,MSR,34,2
KRH,RE,47,29
KRH,PSL,13,2
KRJ,SKQ,6,1
KRKH,MKMN,9,4
KRKN,VAA,6,1
KRKN,LYD,3,1
KRLI,MRND,8,4
KRLI,RPAR,17,4
KRMA,SBG,9,1
KRMA,MZC,6,1
KRMI,THVM,17,20
KRMI,MAO,29,28
KRMI,KUDL,71,6
KRMI,RN,210,4
KRMI,VEN,16,2
KRMR,PDPL,36,2
KRND,SHG,22,19
KRND,SMZ,9,8
KRNR,MYS,35,8
KRNT,MBNR,131,14
KRNT,SBBJ,10,7
KRNT,VDI,34,2
KRON,SONH,3,2
KRP,LGL,2,4
KRP,PRTL,6,4
KRPN,RAJP,8,2
KRPN,VBW,8,2
KRPP,VARD,6,4
KRPR,PNF,8,1
KRPR,WDLN,15,1
KRPU,SUKU,11,2
KRPU,MVF,7,2
KRQ,VGLJ,11,2
KRR,TPJ,75,28
KRR,NMKL,33,20
KRR,PGR,15,8
KRR,MMH,25,1
KRR,SA,85,2
KRR,MONR,16,2
KRS,KYA,4,1
KRS,MTBH,3,1
KRTH,TAKU,12,1
KRTH,POX,29,2
KRV,OGL,8,2
KRW,MLI,11,1
KRY,MCU,37,6
KRY,MGB,32,4
KRY,MPL,77,10
KRY,NCU,10,4
KRYP,KYND,22,2
KRYR,VLYN,2,2
KS,SHG,11,7
KS,MIH,11,2
KSAR,LMT,4,1
KSAR,SII,5,1
KSB,PAO,8,6
KSB,ST,31,8
KSC,SHK,15,2
KSC,WRS,10,2
KSD,VRL,46,4
KSD,MLHA,16,14
KSE,URN,3,3
KSF,ZBD,23,2
KSG,NRI,44,12
KSG,RNW,89,2
KSG,MDJN,19,2
KSI,SDRA,6,5
KSI,NLQ,6,5
KSI,RE,27,8
KSJ,SWRT,19,4
KSJ,SKA,29,6
KSJ,SRNK,16,6
KSJ,MTJ,105,3
KSK,NASP,11,2
KSN,YG,43,2
KSN,RC,26,8
KSN,SADP,20,6
KSN,MNDK,13,2
KSNG,MNGD,73,29
KSNG,TIG,13,49
KSNG,RGDA,126,6
KSNG,NRLR,22,2
KSNG,RPRD,16,6
KSP,MKPR,7,1
KSP,RBZ,6,1
KSPR,MYG,7,1
KSQ,MWH,7,1
KSRA,KYN,68,17
KSRA,NK,66,2
KSTA,PRY,7,2
KSU,PRR,12,2
KSV,MTJ,41,19
KSV,PWL,42,8
KSV,NDLS,100,2
KSW,PPR,6,2
KSWD,PMP,2,5
KSX,PNW,12,8
KSX,MURI,24,4
KSX,PRR,36,2
KT,MAO,114,2
KT,MRDW,40,10
KT,MRJN,8,2
KTCE,KUW,6,1
KTD,TAO,8,3
KTD,URMA,8,3
KTE,STA,98,106
KTE,MYR,63,70
KTE,NWR,13,2
KTE,PTWA,9,4
KTE,MDRR,6,4
KTE,UDR,36,6
KTE,SHR,53,10
KTE,SDL,126,4
KTE,UMR,58,8
KTE,SBD,28,2
KTES,UMR,60,6
KTES,SHR,51,8
KTES,NWR,12,2
KTES,SDL,127,2
KTGG,SIDG,12,3
KTGG,SNNR,19,3
KTHD,MWRN,4,2
KTHU,PTKC,23,59
KTHU,PTK,24,2
KTHU,LDH,189,2
KTHY,TML,4,2
KTJ,NFK,14,2
KTJ,MLDT,21,2
KTK,NBL,9,3
KTK,MNL,10,3
KTKA,MQN,5,2
KTKH,NKR,4,1
KTKR,UDGR,12,1
KTM,MV,9,6
KTNR,PRNC,9,1
KTO,SJQ,21,2
KTP,MZR,11,1
KTPR,SOB,7,2
KTQ,SSM,25,16
KTQ,PSE,9,2
KTRA,SOR,9,2
KTRR,PTRE,10,2
KTU,PTB,18,25
KTU,TIR,15,31
KTU,TUA,6,2
KTU,SRR,30,8
KTV,VZM,35,31
KTV,SCM,18,14
KTV,VSKP,26,4
KTV,SUP,26,2
KTV,PDT,9,17
KTV,MVW,9,2
KTW,NBD,24,2
KTW,SNX,9,2
KTX,SCL,20,4
KTX,SCA,5,3
KTYM,TRVL,26,27
KTYM,TRTR,49,5
KTYM,VARD,25,2
KTYM,PVRD,30,7
KUA,KWR,4,1
KUD,MRJ,33,10
KUD,RBG,17,6
KUD,UGR,6,6
KUDA,UD,31,32
KUDA,SEN,14,2
KUDL,SNDD,11,24
KUDL,SWV,21,14
KUDL,ZARP,10,6
KUDL,THVM,53,14
KUDL,RN,140,16
KUDL,MAO,99,2
KUE,NNA,18,14
KUG,UBL,10,2
KUGT,MANU,21,2
KUGT,NLKT,12,2
KUGT,PEC,10,2
KUH,RTM,28,24
KUH,NAD,14,26
KUH,RNH,10,4
KUK,VZM,11,4
KUKT,TJSP,14,1
KULH,TKRP,6,1
KUM,MANA,13,1
KUN,PNP,34,41
KUN,NLKR,16,5
KUN,TRR,12,5
KUN,UMB,74,11
KUN,NDLS,124,2
KUND,RE,23,1
KUR,PURI,44,78
KUR,SIL,28,12
KUR,VZM,363,6
KUR,NKP,26,14
KUR,LGTR,15,2
KUR,RTN,7,2
KUR,MWQ,8,2
KUR,MLT,37,2
KUR,PSA,220,2
KURJ,MCSC,31,12
KURJ,MBA,65,10
KURJ,SPDM,34,2
KURO,ON,11,1
KUT,KWP,6,2
KUTI,NMGY,2,2
KUV,QLN,13,9
KVK,MRJ,46,4
KVLS,SMLG,9,2
KVO,UNI,10,2
KVR,RJY,7,6
KVR,NDD,15,6
KVR,PSDA,4,2
KVS,SVNR,8,2
KVU,VAK,9,14
KVZ,NLR,50,38
KVZ,OGL,66,22
KVZ,SKM,38,30
KWAE,NDAE,39,32
KWAE,SALE,17,16
KWAE,PSAE,31,1
KWE,LAV,13,4
KWMD,RE,6,4
KWO,TKBG,5,1
KWV,PUNE,187,7
KWV,SUR,78,42
KWV,PVR,53,10
KWV,WDS,8,1
KWV,MA,16,3
KXB,SRKI,7,1
KXB,MNV,8,1
KXE,TPH,5,1
KXE,TLJ,5,1
KXG,UMED,11,4
KXH,RCF,6,4
KXH,SQR,25,2
KXJ,NLBR,14,2
KXJ,NKMG,2,2
KXN,PPO,16,2
KXP,KZK,4,2
KXP,MQU,4,2
KXT,LOV,5,10
KY,NU,16,28
KYE,SGO,52,21
KYE,MAKR,18,7
KYE,SMRR,9,2
KYF,NBG,8,2
KYG,PDF,8,2
KYI,MPJ,5,1
KYJ,QLN,41,81
KYJ,MVLK,8,57
KYJ,OCR,6,2
KYJ,STKT,22,2
KYM,RJY,10,4
KYN,NK,134,91
KYN,PUNE,139,49
KYN,TNA,20,124
KYN,NRL,33,2
KYN,LNL,74,41
KYN,LTT,37,42
KYN,PNVL,36,12
KYN,MMR,207,8
KYOP,PDPL,8,2
KYQ,NBQ,176,19
KYQ,RNY,41,52
KZA,PNYA,7,4
KZA,SBZ,14,4
KZB,NZT,7,2
KZE,PAY,29,14
KZE,NLE,9,25
KZJ,SC,132,68
KZJ,WL,11,43
KZJ,RDM,101,22
KZJ,ZN,48,25
KZJ,OPL,33,5
KZJ,MJF,129,4
KZJ,MCI,109,4
KZJ,SKZR,168,3
KZJ,PDPL,84,28
KZJ,PQL,8,3
KZJ,MLY,126,2
KZJ,RYP,219,4
KZK,QLN,51,2
KZK,TVC,12,9
KZK,VAK,28,2
KZK,TVP,10,3
KZK,MQU,8,2
KZT,NYY,21,2
KZT,NCJ,33,2
KZT,TVC,38,4
KZT,PASA,8,10
KZT,NJT,28,2
KZU,MIK,5,3
KZY,TCN,7,2
LAA,PFL,10,2
LAD,RNC,66,5
LAD,PIS,53,4
LAD,TORI,44,5
LAE,MNDH,13,2
LAR,TKMG,51,14
LAR,TBT,39,10
LAR,UDPR,31,2
LAR,VGLJ,90,51
LAR,MAKR,60,7
LAR,RKMP,207,4
LAU,SUJH,10,18
LB,SRKR,2,1
LBA,SLN,22,10
LBA,SKN,36,6
LBG,WNG,5,1
LBI,NLP,9,2
LBI,SWJ,8,2
LBN,LKE,8,2
LC,LJN,5,4
LC,MBP,6,2
LD,LWR,33,24
LD,TVG,25,2
LDA,MKRN,7,2
LDH,PHR,14,24
LDH,PGW,36,53
LDH,SIR,60,13
LDH,RPJ,86,9
LDH,UMB,114,82
LDH,SASN,100,8
LDH,SMRL,35,6
LDH,NDLS,312,2
LDH,PTKC,165,4
LDH,MET,45,8
LDH,NMDA,67,3
LDH,SNL,16,1
LDH,MLX,21,2
LDX,RGDA,8,2
LEB,PHK,3,2
LEDO,MRG,7,2
LGCE,UHR,9,2
LGCE,STA,12,2
LGDH,MJF,1,1
LGDH,STPD,3,1
LGH,LKS,75,18
LGH,NAL,12,1
LGH,SOG,177,2
LGH,MHJ,115,2
LGO,PFM,28,6
LGO,PRG,35,2
LGO,RMC,7,6
LGTR,RTN,7,2
LHA,SFMU,21,10
LHA,SAG,34,4
LHB,TLB,7,2
LHLL,ROK,15,2
LHN,PDNR,5,3
LHU,SDLP,50,26
LHU,NDLS,175,2
LHU,RE,91,2
LHU,MHRG,41,14
LHU,SRGH,17,8
LHU,RMB,21,6
LHU,STNL,17,6
LIJ,MTBG,4,1
LIJ,RKL,6,1
LIR,NTV,20,6
LJN,ON,56,8
LJN,SPN,164,2
LJR,NRLR,12,4
LKA,LMG,31,18
LKA,MYD,31,2
LKA,LKG,16,2
LKBL,PPLI,10,2
LKD,PLJ,8,1
LKD,MYG,8,1
LKDU,PKO,5,1
LKDU,VVM,5,1
LKE,SWM,47,4
LKE,SGAC,61,2
LKG,LMG,15,2
LKKD,USD,7,5
LKMR,TKRI,22,8
LKN,SKJ,9,6
LKO,ON,56,32
LKO,NHH,90,39
LKO,RBL,78,41
LKO,SPN,164,30
LKO,SLN,140,19
LKO,MB,326,10
LKO,SAN,49,8
LKO,NHN,36,8
LKO,ML,11,1
LKO,LNWT,2,1
LKO,RDL,89,2
LKO,MFKA,108,2
LKO,SHG,233,2
LKR,MKA,33,6
LKR,SRY,15,2
LKR,MKB,5,4
LKS,SOG,102,6
LKS,MHJ,40,12
LKS,NTZ,10,1
LKT,NGR,10,4
LKU,RUPC,21,18
LKU,PBW,6,4
LKU,RPSC,9,2
LKW,MKS,17,2
LKZ,SIA,7,2
LKZ,SIOB,9,2
LLBR,MPRA,7,3
LLBR,MNCR,8,3
LLI,SRGM,15,4
LLJ,RRS,13,4
LLJ,NHF,8,1
LLJP,VSHI,15,1
LLP,NPV,12,6
LLP,RGV,19,8
LLPR,RJA,4,1
LM,RUR,27,4
LM,WC,20,3
LM,SRGT,27,6
LMD,PDL,7,2
LMD,MYL,8,2
LMG,MBG,65,10
LMG,NHLG,99,14
LMG,MYD,10,2
LMK,PPD,8,3
LMK,MAM,8,2
LMM,SBO,7,1
LMN,UCR,17,8
LMN,RBL,21,8
LMN,RCP,7,1
LMO,SVKD,24,4
LMP,STP,46,4
LMY,TQM,8,2
LNH,SIKR,27,10
LNK,MQS,20,2
LNK,MXH,24,6
LNK,SQR,6,6
LNL,TGN,29,9
LNL,PUNE,64,53
LNL,NRL,42,1
LNL,SVJR,62,8
LNL,TNA,95,2
LNL,MVL,8,3
LNL,PNVL,56,4
LNN,NIRA,7,6
LNN,WTR,27,6
LNN,STR,53,2
LOG,SRJ,10,4
LOG,MFX,6,4
LOGH,YPR,2,1
LONI,MJBK,6,1
LONI,URI,12,1
LOV,UAM,4,10
LPG,RGL,11,2
LPI,TDU,92,4
LPI,SNF,14,6
LPI,SKP,21,17
LPI,SC,23,14
LPI,VKB,49,21
LPI,NPL,9,1
LR,MDJN,7,1
LRD,SRU,10,12
LRJ,MB,140,28
LRJ,SRE,53,11
LRJ,NBD,41,32
LRJ,RK,18,40
LRJ,MZM,31,5
LRJ,PRI,14,1
LRU,NNW,10,2
LS,NR,17,10
LS,MMR,25,16
LS,NK,48,6
LSD,RGQ,29,2
LSI,SPJ,33,17
LSI,TLWA,7,1
LSMP,SMAP,6,1
LSR,RGO,28,15
LSR,POZ,12,2
LTA,NIR,34,2
LTD,NGA,7,1
LTHR,TORI,32,23
LTR,VG,43,4
LTR,SUNR,21,4
LTRR,LUR,33,17
LTRR,PRLI,63,17
LTRR,UDGR,33,21
LTRR,PNF,28,2
LTRR,WDLN,4,4
LTT,TNA,17,85
LTT,NK,171,2
LTT,PUNE,175,2
LTT,PNVL,54,2
LUNI,PMY,41,26
LUNI,SMR,49,8
LUR,UMD,89,17
LUSA,SBDR,35,4
LUSA,SKGH,20,4
LWR,TVG,8,2
LWR,MGD,23,2
LXA,SLGR,14,3
LXA,SFR,10,1
LYD,TSAH,1,1
MA,WDS,7,1
MA,WKA,8,1
MA,SUR,63,1
MA,MO,30,2
MAAR,PLCJ,13,1
MABD,WL,62,28
MABD,NKD,31,4
MABD,TAA,6,1
MABN,PGA,8,1
MACR,NRG,3,2
MAD,MYA,20,28
MAD,RMGM,29,3
MADR,SWV,10,2
MADR,PERN,12,2
MAG,NBR,12,6
MAG,NGNT,19,4
MAHE,TLY,9,24
MAHM,MLKN,6,4
MAI,MFP,39,8
MAI,MTR,13,13
MAJN,SL,24,16
MAJN,UD,66,44
MAJN,MAO,315,4
MAJN,MAQ,6,8
MAJN,MULK,33,2
MAJN,TOK,19,2
MAKM,SRTL,11,5
MAKR,VGLJ,150,4
MAKR,SGO,71,11
MAKR,MNV,26,2
MALB,SIOB,40,3
MALM,RC,29,64
MALM,MTU,12,4
MALM,SC,312,2
MAM,USRA,5,1
MAN,ND,42,11
MAN,MHD,25,14
MANA,MZR,12,1
MANE,SBPY,9,2
MANK,MRDW,9,2
MANU,SKAP,3,2
MANU,NLKT,9,2
MAO,SVM,15,15
MAO,THVM,46,28
MAO,RN,239,20
MAO,UD,249,6
MAO,VSG,25,15
MAO,SWV,79,4
MAO,PERN,57,4
MAO,SRVX,5,2
MAP,SA,67,9
MAP,SLY,24,4
MAP,TPT,47,5
MAQ,MJS,17,5
MAQ,SL,29,6
MAQ,ULL,9,2
MAQ,UD,72,2
MAR,PU,11,1
MAS,SPE,82,24
MAS,PER,6,44
MAS,NLR,175,4
MAS,TRL,48,8
MAS,OGL,292,1
MAS,PON,34,2
MAS,SA,345,2
MAS,RU,144,5
MAU,RSR,37,8
MAU,MMA,22,22
MAUR,MSZ,18,10
MAY,ZBD,18,6
MAYR,STD,4,3
MB,RJK,24,6
MB,RMU,27,54
MB,NBD,98,21
MB,SEO,45,6
MB,SPN,162,4
MB,SRE,192,30
MB,PLS,18,4
MB,NDLS,166,4
MB,RK,157,2
MB,MTC,133,2
MB,STP,252,2
MBA,SPDM,30,2
MBAH,NZP,2,2
MBAH,THA,1,2
MBDD,MBDP,14,6
MBDP,PRYJ,59,8
MBDP,MCDA,21,6
MBDP,PRG,53,6
MBDP,SLN,40,8
MBDP,SBTJ,15,2
MBDP,RBL,95,5
MBG,NHLG,34,14
MBG,WDA,6,2
MBG,MYD,54,2
MBI,SKI,17,28
MBI,PDW,9,1
MBI,RJA,10,9
MBM,TBM,18,19
MBM,MS,7,19
MBNL,MON,28,24
MBNL,RNV,32,22
MBNR,SRNR,62,2
MBNR,WPR,53,16
MBNR,SHNR,54,8
MBNR,MHBT,3,2
MBNR,YNG,4,4
MBNR,MQN,14,2
MBP,SD,42,4
MBT,PLCJ,11,1
MBT,MKHR,15,1
MBY,SGRA,30,12
MBY,PTRL,6,2
MCA,ULB,26,6
MCA,TMZ,34,10
MCA,SRC,51,5
MCA,PKU,13,6
MCDA,MFL,8,1
MCI,RDM,13,43
MCI,SKZR,58,22
MCI,PDPL,32,12
MCI,RVKH,7,6
MCI,WL,114,4
MCI,PPZ,9,2
MCN,WJR,8,4
MCQ,SGRL,21,2
MCQ,OBR,30,2
MCS,NQR,17,4
MCS,PTAB,3,2
MCSC,TKMG,83,2
MCTM,SVDK,25,43
MCTM,RMJK,10,4
MCU,MPL,40,7
MCU,NCU,27,1
MCU,TKU,15,3
MCU,TAT,16,2
MCVM,NDO,5,2
MDAK,SMAP,7,1
MDB,MMC,5,1
MDB,MMY,24,1
MDCR,NDW,4,2
MDCR,TEA,2,2
MDDP,ODG,13,4
MDDP,RKMP,17,8
MDDP,NDPM,51,4
MDE,THA,4,4
MDE,WKND,2,2
MDF,MDKD,7,3
MDJ,URD,11,10
MDKU,TSR,4,2
MDKU,NDO,6,2
MDLL,NDV,3,1
MDN,VSU,72,16
MDN,SLB,24,10
MDNR,MUZ,8,1
MDNR,MUD,10,4
MDNR,MTC,19,14
MDP,VDS,24,20
MDP,MUW,12,5
MDP,NPZ,6,1
MDP,NGRH,35,2
MDP,PKA,107,2
MDR,RYP,46,2
MDR,YP,16,4
MDRR,NWR,8,4
MDS,NMH,49,30
MDS,RTM,84,18
MDS,PIP,15,13
MDU,VPT,43,62
MDU,SDN,21,7
MDU,TMQ,18,4
MDU,TDN,7,6
MDU,MNM,47,6
MDU,USLP,36,2
MDUN,RMV,3,2
MDVK,SRKI,5,1
MDVL,PCU,6,2
MDW,NGO,18,8
MDW,MTD,39,6
ME,WDR,10,1
ME,MOB,14,1
ME,SHAN,3,1
MED,SC,27,2
MED,WDR,38,10
MED,MZL,45,2
MED,MOB,14,4
MED,MJF,23,4
MEJ,TME,30,1
MEJ,TN,31,3
MEJ,TEN,29,8
MEM,PFM,20,2
MEM,SBTJ,11,2
MEP,NAD,17,8
MEP,VMA,23,8
MER,SNKB,7,2
MESR,TIS,9,3
MESR,RNC,19,2
MEW,MHC,13,2
MEX,PTKC,40,23
MEX,PTK,43,2
MEX,MRTL,20,1
MFB,RAA,9,5
MFKA,NHH,19,20
MFKA,SLN,31,22
MFP,SPJ,52,75
MFP,MTR,26,13
MFP,SMI,65,15
MFQ,VST,19,2
MGAE,NHT,18,4
MGAE,SDI,8,4
MGB,MVA,11,2
MGE,MXR,4,2
MGE,NHLG,5,2
MGKM,TLMR,11,2
MGLP,SSB,4,1
MGLP,NNO,3,1
MGME,TORI,22,4
MGN,RTM,80,20
MGN,THDR,8,6
MGR,SGG,32,6
MGR,RPUR,9,2
MGR,SKJ,13,2
MGRR,NEW,4,2
MGRR,TKA,8,2
MGW,ON,6,1
MHBA,NCB,32,8
MHBA,NCBD,37,2
MHBT,MQN,11,2
MHC,RPV,9,2
MHD,ND,17,26
MHD,NEP,4,1
MHDB,SSPR,4,2
MHH,SIPR,4,1
MHH,SWA,8,2
MHI,MHPR,8,2
MHJ,SOG,63,8
MHJ,MLC,18,1
MHPR,MNS,7,2
MHQ,TLE,11,2
MHQ,MLQ,6,1
MHRG,RE,51,14
MHRG,NDRT,14,2
MHRG,STNL,24,4
MHSA,NWDH,14,2
MHT,SIP,14,2
MHV,RLA,31,4
MID,VYA,15,6
MID,TBV,8,4
MIKD,RBN,4,1
MIL,RMU,23,8
MIM,PJ,12,4
MINA,TRWT,17,2
MINA,RSJ,9,3
MINJ,STP,42,2
MINJ,SPN,49,3
MINJ,SPC,38,1
MIPM,VSKP,5,10
MIPM,SCM,3,8
MIQ,PTLI,5,2
MJ,PMY,31,46
MJ,RANI,52,28
MJ,SOD,21,16
MJ,SEU,74,3
MJ,SOS,28,6
MJA,MNF,16,1
MJA,PCOI,30,1
MJA,NYN,31,4
MJA,PRYJ,39,4
MJBT,ULG,21,2
MJBT,NMM,30,2
MJBT,RWTB,10,2
MJF,SC,3,6
MJF,STPD,4,4
MJF,NLDA,107,2
MJG,MKP,37,6
MJG,TKYR,13,2
MJHR,SRJ,10,4
MJL,SGL,13,2
MJN,TSK,8,2
MJO,VEN,5,2
MJO,SRVX,3,2
MJP,SLJ,6,1
MJRI,WANI,13,6
MJRI,SEGM,85,2
MJRI,NGP,161,2
MJRI,WRR,13,3
MJS,UAA,7,2
MJS,ULL,8,2
MJZ,PBE,26,4
MKA,PNBE,89,14
MKA,PNC,79,4
MKA,NBJU,19,20
MKA,TALL,4,3
MKA,MMKB,13,2
MKA,PHK,15,2
MKA,MOR,7,3
MKBH,SGA,3,2
MKC,UJN,40,42
MKC,SFY,29,28
MKC,SJP,62,2
MKC,TAN,10,12
MKC,PUO,7,2
MKC,RCJ,15,2
MKC,SFW,56,2
MKC,SHRN,132,2
MKD,TKYR,8,2
MKD,MKP,16,2
MKDN,NVG,9,4
MKH,RHG,17,4
MKH,MWW,8,2
MKHR,RDRA,21,1
MKMN,SRBH,7,4
MKN,NAC,30,4
MKO,SORO,15,4
MKO,RNTL,6,3
MKO,SZZ,6,2
MKP,PRYJ,100,28
MKP,STA,78,83
MKP,NYN,93,2
MKP,PCOI,92,57
MKP,PNHI,11,4
MKP,SRJ,55,8
MKPR,SPJ,3,1
MKPT,MO,9,1
MKR,TGL,15,2
MKRD,PBV,12,2
MKRN,SGO,7,6
MKSR,SMR,26,24
MKTL,MNDK,14,2
MKU,NN,28,26
MKU,SEG,52,28
MKU,WADO,8,1
MKX,RMA,10,4
MKZ,SKLI,6,4
MLAR,SONI,33,6
MLAR,SAC,7,4
MLC,NTZ,11,1
MLD,SAN,23,1
MLDT,NFK,34,87
MLDT,PKR,67,8
MLDT,RPH,122,19
MLDT,SM,35,25
MLDT,NJP,233,6
MLDT,SBG,104,2
MLG,NMH,26,3
MLG,PIP,8,5
MLGH,PSLI,22,4
MLGH,SMPA,21,4
MLHA,VRL,30,8
MLI,SDH,10,1
MLK,RGM,12,3
MLMR,VM,67,26
MLMR,TMV,30,25
MLMR,MMK,11,8
MLN,PP,32,4
MLO,WFD,20,8
MLO,TCL,15,4
MLPR,SHG,25,12
MLQ,TSAH,4,1
MLT,PURI,7,4
MLTR,PKQ,7,2
MLTR,TUV,7,2
MLV,SNT,15,6
MLV,RPH,12,8
MLV,TPF,6,3
MLY,SC,6,14
MLY,NLDA,104,1
MLY,WL,146,2
MLZ,SWM,31,4
MLZ,NNW,16,2
MLZ,NMD,7,4
MLZ,MXL,11,2
MMA,SAA,9,2
MMB,TSF,16,2
MMC,RKB,2,1
MMKB,PHK,2,2
MML,SRID,50,16
MML,NU,81,6
MML,NIR,119,2
MMM,RMM,17,8
MMM,RMD,37,10
MMM,PBM,6,2
MMP,VKM,8,1
MMPL,NRE,7,2
MMPL,VNM,11,2
MMR,NGN,25,18
MMR,NK,73,77
MMR,YL,29,2
MMR,RGO,52,8
MMR,PUNE,307,4
MMR,NR,42,2
MMR,NSL,22,16
MMR,SNSI,82,10
MMR,TNA,227,2
MMS,SPT,19,6
MMS,PSA,13,6
MMV,SINI,7,7
MMV,RKSN,8,7
MMY,TIW,10,3
MMY,RKB,31,2
MMY,OSN,31,2
MMZ,RVKH,4,4
MNAE,PAN,10,12
MNC,VDS,10,2
MNDH,R,18,2
MNE,NNA,58,10
MNE,SHC,45,4
MNE,SBV,28,9
MNE,MSK,11,12
MNE,THB,42,8
MNF,PCOI,46,1
MNGD,RGDA,54,39
MNGD,NRLR,50,2
MNGD,THV,35,4
MNGD,TIG,86,4
MNI,PNVL,108,13
MNI,ROHA,30,28
MNI,VEER,17,17
MNI,RN,173,4
MNJ,SYWN,8,1
MNM,PMK,24,19
MNM,SVGA,20,24
MNM,RMD,60,9
MNM,PDKT,97,2
MNM,VPT,67,2
MNO,SPP,8,8
MNQ,SKB,48,8
MNSR,SGRA,15,3
MNSR,NAWN,5,1
MNTT,TRTR,8,6
MNTT,PVRD,11,6
MNV,PIA,19,8
MNV,SGO,97,6
MO,MVE,8,1
MO,SUR,33,2
MOA,SBBJ,14,2
MOB,WDR,24,1
MOB,NCRM,13,2
MOF,SAW,7,4
MOG,VPDA,10,2
MOG,SPP,13,8
MOGA,TWB,24,6
MOJ,SVPI,62,4
MOJ,PARH,28,3
MOJ,RENH,13,3
MOL,RA,10,1
MOL,SUNR,22,2
MOL,THAN,26,2
MOMU,RDG,15,7
MOMU,THKU,32,2
MONJ,TPK,9,5
MONR,NMKL,18,2
MOO,YA,16,6
MOO,TU,51,6
MOO,MUM,14,2
MOPR,SGNR,6,1
MOR,PHK,8,3
MOT,PKK,15,5
MOTC,RWL,7,12
MOTH,VGLJ,55,4
MOU,ROU,40,16
MOU,SWR,40,2
MOZ,MTC,55,34
MOZ,SRE,58,12
MOZ,RK,83,4
MOZ,SKF,31,6
MOZ,TPZ,52,5
MPA,TPJ,36,10
MPI,VLT,5,2
MPJ,SMX,4,1
MPL,PIL,42,11
MPL,VLD,8,3
MPR,VRM,5,1
MPR,VS,5,1
MPT,PCL,8,2
MPU,SLO,9,3
MPY,NAT,4,1
MQ,NMJ,14,6
MQ,TVR,37,2
MQC,NNO,3,1
MQL,PIZ,6,4
MQL,PAU,13,4
MQO,QLN,15,2
MQO,PRND,5,2
MQO,STKT,5,2
MQR,SEM,12,1
MQS,NRO,12,2
MRA,SANK,10,2
MRA,SIKD,8,2
MRBL,TIG,19,4
MRDL,TLHD,14,6
MRDL,NBT,9,2
MRDL,TLHR,21,2
MRE,SYWN,4,2
MRE,PRYJ,18,2
MRF,VKB,36,4
MRF,SSPD,14,2
MRGA,NDKD,38,29
MRGA,NLDA,38,52
MRGA,PGRL,59,8
MRGA,VNUP,21,2
MRGA,SAP,91,10
MRHA,TELY,4,2
MRHT,SRTN,38,4
MRHT,SLGR,54,2
MRJ,SLI,7,54
MRJ,VRB,5,1
MRJ,SGLA,107,6
MRJ,PUNE,279,2
MRJ,RBG,50,2
MRJ,UGR,27,4
MRJ,VJR,8,2
MRK,NRT,98,6
MRK,VKN,61,8
MRK,TLU,12,6
MRK,NDL,113,2
MRL,NVS,8,13
MRL,SCH,7,9
MRL,ST,22,2
MRL,UDN,17,2
MRM,RU,14,2
MRN,RTM,10,3
MRND,RPAR,24,8
MRND,NMDA,2,2
MRND,SASN,33,6
MROA,RAKD,7,2
MRPR,TKA,22,2
MRPR,RNRD,11,2
MRPR,RORA,10,2
MRPR,NEW,34,12
MRPR,VGLJ,65,4
MRR,NHT,17,6
MRR,RJG,12,3
MRR,RPH,31,8
MRR,PKR,23,11
MRSH,RDHR,4,2
MRSH,WOC,36,2
MRSH,NRKR,66,2
MRT,MTJ,2,14
MRTL,PTKC,20,1
MS,PER,12,8
MS,TBM,25,67
MS,SPE,87,8
MS,NLR,180,8
MS,TLM,18,2
MS,VM,159,6
MS,RU,149,1
MSDG,SGLA,20,2
MSH,PNU,65,77
MSH,SBIB,62,41
MSH,PTN,40,20
MSH,UJA,21,22
MSH,SID,35,5
MSH,VG,65,10
MSH,VNG,20,2
MSH,SUNR,130,2
MSK,NNR,24,8
MSK,PSR,12,4
MSMD,R,55,27
MSR,TAZ,13,6
MSR,SIW,6,1
MSW,MUR,14,16
MSW,SNC,4,2
MTA,TLV,8,2
MTC,NZM,75,4
MTC,TPZ,107,4
MTC,MUT,4,17
MTC,PRTP,7,1
MTC,SRE,113,2
MTD,REN,17,22
MTD,NGO,57,34
MTD,RKB,101,4
MTD,PPR,57,4
MTHP,OKHA,10,6
MTI,TDL,7,1
MTJ,RKM,49,19
MTJ,NDLS,141,24
MTJ,NZM,134,61
MTJ,SWM,216,6
MTL,TMV,10,2
MTL,VM,27,2
MTM,PAV,10,8
MTP,ONR,27,2
MTSI,PLRD,13,1
MTT,TTP,23,10
MTT,PKT,27,2
MTU,RC,17,4
MTV,ZB,13,2
MTWN,TMS,3,4
MTY,PAR,41,14
MTY,NGP,142,4
MTY,NRKR,59,2
MUBR,SBRM,8,2
MUBR,THTW,7,2
MUE,NED,23,50
MUE,NZB,88,10
MUE,UMRI,19,14
MUG,TLO,4,1
MUG,PDA,14,1
MULK,UD,34,14
MULK,SL,9,14
MULK,NAND,7,2
MUP,RJN,15,1
MURI,RNC,63,73
MURI,RMT,53,10
MURI,TATA,104,7
MURI,TIS,49,7
MURI,THO,4,1
MURI,SLF,7,3
MURI,TRAN,12,2
MUT,SKF,20,12
MUW,SNQ,9,6
MUW,NPZ,6,1
MUZ,PRTP,5,1
MV,SY,20,32
MV,TVR,39,19
MV,VDL,14,11
MV,PEM,16,7
MV,TDPR,79,4
MVE,PK,9,1
MVI,SIOB,88,4
MVI,WKR,28,4
MVJ,RPZ,38,33
MVJ,NDT,15,2
MVJ,UDZ,42,4
MVLK,QLN,49,2
MVO,PBN,27,16
MVO,SELU,16,16
MVV,SGG,6,1
MVW,SUP,17,2
MW,SV,21,8
MW,ZRDE,11,8
MWAD,PUSA,12,2
MWAD,NRKR,8,2
MWC,TKJ,7,1
MWJ,SGAM,46,6
MWJ,NWB,17,2
MWK,RM,6,2
MWK,SHF,7,2
MWM,YPR,3,5
MWM,SBC,3,5
MWRN,SRBA,6,2
MWT,OSN,44,6
MWT,PLCJ,28,6
MWT,STSN,14,1
MWX,MXH,18,2
MXK,SNS,7,1
MXL,RNT,9,2
MXN,NTSK,156,2
MXN,SLGR,54,20
MXN,TTB,13,2
MXN,NCH,10,3
MXN,VSG,3433,1
MXR,PDJ,6,2
MYA,MYS,46,30
MYA,PANP,25,20
MYA,RMGM,48,4
MYA,SBC,93,7
MYA,Y,7,2
MYD,NHLG,89,6
MYG,PLJ,15,13
MYG,VS,27,4
MYO,SRPN,5,2
MYR,STA,36,80
MYR,UHR,14,16
MYR,UDR,27,10
MYS,SBC,138,6
MYS,PANP,20,20
MYS,NHY,9,2
MYY,QLN,9,4
MYY,PVU,4,6
MZC,SBG,15,10
MZC,PPT,8,10
MZL,WDR,7,7
MZM,NBD,11,7
MZP,PCOI,81,41
MZP,PRYJ,90,18
MZQ,NBQ,9,2
MZS,TQM,25,2
MZY,RJGR,3,2
NAB,WSA,28,2
NAC,SBR,28,14
NAD,UJN,55,86
NAD,RTM,42,79
NAD,VMA,39,22
NAD,SGZ,91,20
NAD,RMA,153,8
NAHT,WTWI,9,1
NAK,TKG,34,2
NAM,NHK,12,7
NAM,SLGR,66,2
NAN,VBW,15,14
NANA,PDWA,17,4
NAND,PDD,9,2
NASP,TUNI,47,2
NASP,YLM,7,2
NAT,SGG,20,2
NAVI,WLGN,14,4
NAW,TDU,18,1
NAW,SEM,16,1
NAZJ,UJP,6,5
NB,SAV,9,2
NB,RV,10,2
NBA,PTA,25,10
NBD,NGG,22,14
NBD,SRE,94,2
NBD,SNX,15,2
NBH,NMH,27,12
NBH,SMP,18,2
NBI,TBL,8,1
NBI,PPEA,10,1
NBJU,PNBE,108,6
NBPH,SGV,4,1
NBQ,NOQ,110,28
NBQ,RNY,109,34
NBQ,NJP,254,10
NBQ,NCB,128,9
NBR,PDKN,2,4
NBX,VNE,17,2
NCA,VNE,12,2
NCB,NOQ,18,90
NCB,NJP,126,55
NCB,TFGN,25,6
NCE,NCU,8,2
NCE,TKU,4,2
NCH,SLX,12,1
NCJ,VLY,31,18
NCJ,TEN,73,16
NCJ,TVC,71,5
NCR,NGT,7,6
NCU,TKU,11,1
NDAE,SMAE,8,1
NDAE,PSAE,8,1
NDB,VYA,100,5
NDB,NWU,58,16
NDB,ST,160,60
NDB,TISI,13,2
NDB,UDN,156,8
NDD,TDD,20,31
NDD,RJY,22,39
NDD,TNKU,16,20
NDD,PSDA,11,2
NDKD,PGRL,21,18
NDKD,VNUP,18,2
NDKD,SAP,52,13
NDKR,TMZ,10,1
NDL,PNM,15,5
NDLS,NZM,7,48
NDLS,SZM,4,17
NDLS,PNP,89,23
NDLS,SNP,44,5
NDLS,UMB,198,25
NDLS,TKJ,3,1
NDLS,PRYJ,634,2
NDLS,ROK,71,8
NDLS,PNKD,430,2
NDLS,SSB,11,16
NDM,RMV,6,1
NDM,UPL,6,1
NDN,SNK,13,10
NDNR,SPWI,10,1
NDO,TEL,21,22
NDO,TSR,11,4
NDPM,RKMP,68,39
NDPM,ODG,38,6
NDPU,NRT,17,2
NDPU,PRCA,17,2
NDRT,NWN,5,2
NDU,TEA,6,2
NDU,TNRI,1,2
NDU,SONH,2,2
NDW,PFT,5,2
NDW,TEA,6,2
NDW,NEMA,1,2
NDZ,VKI,8,1
NDZ,VDD,9,2
NED,PAU,31,79
NED,PBN,59,2
NED,NZB,111,4
NED,WNG,6,1
NEMA,PFT,4,2
NEO,SDE,7,1
NERH,WKND,6,2
NES,TIA,28,4
NES,RGD,18,4
NEW,VGLJ,31,8
NEW,TKA,12,2
NEWC,PCOI,143,2
NFK,RPH,88,9
NFK,TDLE,5,2
NFK,PKR,33,30
NFK,NILE,27,4
NG,TRT,15,2
NGF,RJG,6,1
NGF,PKR,5,1
NGNT,TEL,25,12
NGO,NOK,52,46
NGP,WR,78,55
NGP,NITR,4,4
NGP,TGP,55,1
NGP,SEGM,76,60
NGP,NRKR,84,7
NGP,SASR,74,2
NGP,SNI,47,6
NGP,RKMP,381,8
NGP,R,302,6
NGP,PAR,102,16
NGP,WRR,148,2
NGP,TMR,81,2
NGR,UBL,35,8
NGR,SVHE,13,4
NGT,TVR,23,18
NGT,VLNK,10,12
NGTN,NIDI,8,3
NGTN,ROHA,14,1
NGZ,SEG,8,1
NGZ,PS,9,1
NH,SDAH,41,12
NH,RHA,35,2
NHF,RRS,6,1
NHGJ,NHLG,20,4
NHH,SLN,51,21
NHK,SLGR,78,2
NHK,NTSK,24,2
NHM,SDGM,22,3
NHM,TOD,32,4
NHM,NRD,20,4
NHR,TSD,40,4
NHT,RPH,15,11
NHT,SDLE,8,1
NHT,PKR,41,1
NHY,PANP,11,2
NIDI,ROHA,6,3
NIIJ,TPND,10,7
NIL,VNB,11,2
NILE,SPLE,7,2
NIP,NNL,15,1
NIU,PLJ,13,5
NIU,VRE,7,2
NIV,RN,15,2
NJP,SGUJ,7,10
NJP,NMZ,55,4
NJP,NMX,45,2
NJT,VLY,36,6
NJT,PASA,37,2
NJT,TEN,78,4
NJT,TVC,66,4
NK,NR,31,12
NK,PNVL,170,2
NK,SNSI,157,2
NKB,NMZ,21,4
NKBR,SSU,4,1
NKBR,THE,6,1
NKD,WL,31,9
NKD,YGL,9,2
NKDO,PLU,5,2
NKDO,TIM,9,2
NKE,STF,24,2
NKE,SBZ,85,2
NKE,RXL,40,4
NKI,UJN,12,2
NKM,RNC,4,11
NKM,TIS,7,11
NKMG,PTKD,29,2
NKP,TAP,8,2
NKR,SWD,12,1
NKRA,SIRD,20,1
NKW,STBJ,11,2
NLD,RGD,11,8
NLD,POE,4,6
NLD,SILO,5,2
NLDA,SC,110,44
NLDA,RMNP,35,2
NLDM,UHL,16,10
NLE,PAY,20,13
NLI,RTM,13,4
NLKR,TRR,4,1
NLNI,NYDO,14,1
NLNI,SPWI,10,1
NLP,SOB,10,2
NLPD,PRCA,6,2
NLR,OGL,116,136
NLR,RU,122,15
NLR,VDE,7,6
NLR,NYP,66,1
NLR,PER,176,9
NLR,SKM,88,4
NLR,PGU,4,2
NLR,VDD,58,1
NLR,TPTY,132,2
NLV,RNY,17,10
NLV,TIHU,17,4
NMA,SRGR,19,8
NMBR,ROP,6,4
NMD,NNW,10,4
NMDA,SMRL,32,6
NMDA,SASN,33,4
NMH,PIP,33,8
NMJ,TVR,25,5
NMJ,TJ,30,5
NMK,SMPR,37,8
NMK,NNL,50,12
NMK,RGS,47,4
NMKL,SA,52,16
NMKL,RASP,25,6
NML,VZM,12,1
NMM,RPAN,11,18
NMM,ULG,51,12
NMM,RNY,113,2
NMT,SLGR,15,3
NMZ,SGUJ,48,10
NMZ,SVQ,27,2
NN,SEG,25,20
NNA,THB,15,20
NNL,RE,52,15
NNL,RGS,96,3
NNN,TEN,28,8
NNN,VLY,14,8
NNO,SSB,7,10
NNR,THB,8,12
NNR,PSR,12,4
NNW,SWM,47,2
NOI,SGO,18,2
NOMD,PDPH,4,1
NPL,SKP,11,1
NPNR,SXA,12,2
NPRD,UKR,10,4
NPS,SDGH,46,4
NPS,SDF,23,8
NRD,SDGM,2,4
NRDP,SC,52,2
NRE,RJP,11,4
NRE,OBVP,31,2
NRG,SQQ,3,2
NRGO,STL,10,2
NRGO,RJLA,4,2
NRKR,TNH,7,2
NRKR,PAR,18,14
NRKR,WOC,30,4
NRLR,RPRD,7,8
NRM,NRO,12,2
NRN,ROA,5,2
NRN,SPJ,24,2
NRP,YLM,18,12
NRP,TUNI,22,12
NRP,REG,9,2
NRS,RMU,31,4
NRT,VKN,37,16
NRT,PPM,24,4
NRT,SAB,17,2
NRW,TUN,26,24
NRW,ROK,91,2
NRW,UCA,15,10
NRZB,UMR,23,6
NS,PKO,9,16
NSGR,SNPU,11,4
NSL,RGO,28,10
NSL,TR,14,2
NSX,PVP,5,2
NSX,SNM,8,2
NTN,PNDR,4,2
NTN,TRP,4,2
NTR,SPGR,11,1
NTSK,TSK,2,5
NTSK,SLGR,102,8
NU,PPI,94,45
NU,SRID,31,22
NUB,SANK,3,2
NUD,VRR,13,8
NUQ,WDM,12,8
NUQ,RMF,11,6
NUQ,RNQ,56,2
NUR,SZM,23,8
NUR,SNP,17,13
NUR,RDDE,7,1
NVRD,TPND,3,5
NVS,ST,29,67
NVS,VAPI,65,6
NVS,VDH,8,3
NVS,UDN,26,2
NVT,NZB,15,2
NW,WADI,14,6
NW,YG,25,13
NWB,SGAM,29,2
NWD,WRS,19,6
NWD,TIA,17,6
NWH,SIKR,27,14
NWN,STNL,5,2
NWP,PSA,26,18
NWP,PLH,39,2
NWP,PUN,13,2
NWP,TEK,7,4
NWP,RMZ,7,1
NWR,SBD,15,2
NWR,SNRR,7,6
NWU,VYA,42,16
NWU,USD,24,2
NXN,ROU,26,6
NXN,ORGA,7,2
NXR,SAHA,4,1
NXR,TRG,9,1
NYA,VKD,6,4
NYG,PRNR,14,2
NYH,SBC,8,3
NYM,OREH,2,2
NYN,PRYJ,8,16
NYN,SRJ,37,8
NYO,STLR,8,1
NYO,PMU,4,1
NYP,SPE,28,23
NYP,PER,110,2
NYY,TVC,17,12
NYY,PASA,12,9
NZD,PRH,17,6
NZM,OKA,4,4
NZM,VGLJ,403,12
NZM,TKJ,4,2
NZM,SBB,21,2
NZT,SVV,11,2
OBM,SLM,16,7
OBVP,RJP,20,2
OBVP,RU,54,2
OBVP,PMT,11,2
OCH,SBLT,22,1
OD,UMH,5,1
ODC,PLNI,25,8
ODG,RKMP,30,6
ODM,VSU,15,6
ODM,RSG,9,3
OEA,PDPL,19,2
OEA,PTKP,3,4
OGL,TEL,107,20
OGL,PER,292,5
OGL,SKM,28,26
OGL,TNR,18,8
OGL,VTM,42,5
OGL,RU,238,3
OKA,TKD,7,4
OKL,TML,5,2
OLR,TCR,6,1
OLR,PUK,7,1
OND,RRP,10,4
ONR,WEL,2,8
ORAI,VGLJ,114,63
ORAI,PHN,48,26
ORC,VGLJ,11,2
ORGA,ROU,33,2
ORR,RTWS,5,1
OSN,RKB,62,2
OSN,TIW,21,3
OSN,PLCJ,73,2
OTD,RAH,11,2
OTP,PGT,31,38
OTP,WKI,29,17
OTP,SRR,13,8
OTP,TCR,46,13
OTR,PCU,8,1
OYR,UDL,8,9
PAD,UVD,6,9
PAK,TPTY,42,29
PAK,PIL,41,17
PAK,PAM,12,4
PAK,PTT,15,1
PANP,Y,18,2
PAP,SLO,12,24
PAP,TUNI,41,2
PAR,TEO,9,2
PASA,TVC,29,2
PASG,PEC,11,2
PAU,PBN,28,47
PAVI,SSKL,4,1
PAVI,TJH,7,1
PAW,UKA,9,4
PAY,PAZ,11,11
PAY,TKQ,6,4
PAZ,VAPM,15,2
PBA,VSU,12,3
PBE,PP,35,4
PBKS,SNKL,12,11
PBL,TIHU,10,4
PBM,RMM,11,2
PBN,PRLI,64,12
PBN,SELU,42,8
PBN,PKNS,17,2
PBN,PIZ,10,4
PBN,SNGR,11,1
PBR,WSJ,34,5
PBR,RWO,14,2
PBV,SUKU,8,2
PCH,SUL,9,2
PCH,PRKH,7,2
PCK,SV,8,1
PCL,PIL,15,2
PCM,TSI,11,6
PCN,THDR,14,2
PCOI,STA,170,80
PCOI,SRJ,37,10
PCX,PLY,6,4
PDH,RJT,22,4
PDH,WTJ,29,2
PDKT,TPJ,53,22
PDL,TGL,16,2
PDNA,PDO,7,2
PDNR,TVL,8,3
PDPL,WL,83,8
PDPL,RDM,18,27
PDPL,RGPM,8,2
PDPL,SKZR,90,2
PDSN,TMB,9,2
PDSN,TEK,5,2
PDT,VZM,43,2
PDT,SCM,9,8
PDU,SGDM,10,5
PDW,UGNA,3,1
PDWA,SRPJ,18,4
PDX,RHA,5,1
PDY,VM,38,20
PDY,VI,8,2
PEM,TVR,23,7
PEN,PNVL,35,12
PEN,ROHA,42,12
PER,TRL,42,18
PER,RU,135,1
PER,SPE,83,2
PERN,SWV,21,4
PERN,THVM,11,8
PERN,RN,182,2
PERN,SNDD,53,4
PFM,PRG,7,18
PFM,PLP,23,2
PFM,RMC,21,6
PFM,SYC,12,2
PFR,SFY,58,10
PFR,SFW,32,8
PFT,PPN,6,2
PGA,PIGT,6,1
PGC,SHC,11,2
PGI,TA,8,18
PGI,TIR,16,13
PGI,VLI,6,7
PGK,SOG,25,14
PGL,TBN,13,2
PGRL,SAP,32,21
PGT,SRR,43,25
PGT,TCR,77,71
PGT,PTJ,48,34
PGT,WKI,59,1
PGT,PGTN,4,4
PGTN,POY,54,2
PGW,PHR,22,25
PHA,SGO,51,16
PHD,RURA,39,1
PHM,TEK,27,2
PHM,PLH,5,4
PIA,RTWS,9,1
PIGT,SHDR,9,1
PIH,RTGH,20,2
PIH,SUJH,26,2
PIL,VLD,34,1
PIO,SMLA,12,1
PIRO,XBKJ,17,2
PIRO,SSM,58,2
PIS,RNC,13,4
PIT,SOJN,28,4
PK,SUR,16,1
PKD,SSPN,20,10
PKNS,SNGR,7,1
PKO,VVM,10,7
PKR,RPH,55,32
PKR,RJG,11,3
PKR,TDLE,28,2
PKR,TBB,4,1
PKRD,UDR,10,4
PKT,PVI,20,10
PKU,TMZ,27,11
PKU,SRC,64,2
PLCJ,RDRA,47,11
PLCJ,STSN,14,1
PLE,RDHP,9,2
PLE,VRX,8,2
PLG,VAPI,81,33
PLG,VR,31,7
PLG,SAH,14,2
PLG,ST,176,6
PLG,UBR,54,1
PLG,UOI,6,1
PLH,SPRM,13,2
PLJ,VRE,6,1
PLMD,TUP,41,2
PLNI,UDT,34,8
PLO,WR,30,28
PLP,PRYJ,36,6
PLP,URPR,9,4
PLP,SYC,11,2
PLP,PRG,30,4
PLS,RHN,10,2
PLSN,SIKR,27,10
PLSN,RGS,23,10
PLW,UJN,9,2
PLW,TJP,6,2
PLWR,SRKR,3,1
PLY,REJ,9,4
PLY,SRJN,5,2
PM,SMDP,3,4
PMK,RMD,36,19
PMKT,WANI,66,5
PML,TJ,24,14
PMPR,SSL,6,1
PMR,TLH,32,7
PMT,RJP,9,2
PMU,SEE,7,1
PNBE,PNC,10,35
PNBE,RJPB,2,49
PNBE,TEA,30,9
PNBE,PWS,7,4
PNBE,PPTA,13,5
PNBE,PPN,13,10
PNBE,SCY,3,1
PNBE,PRBZ,6,2
PNBE,RPR,85,2
PNC,RJPB,8,37
PND,USL,92,26
PND,VKR,18,4
PND,SBRA,5,2
PNDM,VRI,18,2
PNDR,PTD,6,2
PNE,SNT,29,6
PNF,PRLI,36,4
PNF,WDLN,23,1
PNKD,RURA,33,4
PNP,SMK,17,17
PNP,SNP,45,19
PNP,UMB,109,25
PNP,SZM,86,4
PNQ,TCR,2,6
PNQ,WKI,14,2
PNU,UJA,44,10
PNU,SID,30,15
PNUG,RSMN,2,2
PNUG,PPN,1,2
PNVL,TNA,37,46
PNVL,ROHA,77,20
PNVL,SMNE,5,6
PNVL,RN,281,28
PNVL,VEER,124,2
PNVL,PUNE,120,8
PNWN,SEH,6,2
PNWN,PUD,7,2
POA,RAL,5,3
POK,RDRA,11,10
POU,RKL,16,2
POU,TOI,32,6
POY,UDT,29,8
PPD,SAT,12,3
PPG,UNL,7,2
PPI,SGP,17,20
PPI,SCKR,36,2
PPM,PRCA,10,4
PPN,TEA,17,8
PPO,ROU,5,5
PPR,UMED,19,4
PPR,RKB,44,1
PPT,SVRP,9,5
PPT,SBG,24,6
PPTA,SEE,14,7
PPU,SLN,13,2
PPW,TLR,23,4
PPZ,RDM,4,2
PQN,UCR,11,10
PQT,TJH,7,1
PRB,SEH,14,6
PRBZ,RSMN,4,2
PRDP,RHMA,23,2
PRDT,YA,15,4
PRF,SWPR,14,5
PRG,PRYJ,6,14
PRG,PYGS,2,18
PRGR,RPH,19,4
PRGR,SKIP,21,4
PRJ,TOD,13,4
PRL,TNM,31,4
PRL,VLR,52,2
PRLI,WDN,15,2
PRLI,UKH,11,1
PRNA,PRNC,5,3
PRND,QLN,10,2
PRP,TKN,12,4
PRP,TIA,61,2
PRR,TATA,90,15
PRR,TAO,7,3
PRRB,PRYJ,2,15
PRSL,RKSN,11,1
PRT,VM,20,11
PRT,TDPR,22,9
PRWD,WSB,7,1
PRYJ,STA,179,26
PRYJ,SRJ,45,6
PRYJ,SRO,57,4
PRYJ,SBDR,196,2
PRYJ,RBL,123,2
PRZ,SOT,9,2
PSA,SPT,32,41
PSA,PUN,12,3
PSA,VZM,143,8
PSD,RGO,13,2
PSO,UNL,8,2
PSPY,ZPL,8,3
PT,TNJR,4,4
PTA,RPJ,26,16
PTB,SRR,11,26
PTB,TIR,34,1
PTH,RDL,15,2
PTJ,TUP,44,23
PTK,PTKC,3,2
PTRD,RE,22,24
PTRU,RAY,29,6
PTRU,TORI,65,2
PTU,SELU,27,22
PTU,RNE,14,4
PUK,TCR,14,6
PUL,TAPA,13,6
PUN,RMZ,7,1
PUNE,SSV,11,2
PUNE,STR,145,37
PUNE,SVJR,3,17
PUNE,SUR,266,34
PUNE,URI,28,16
PUNE,SLI,272,4
PURI,SIL,16,17
PUSA,WOC,9,2
PUT,RU,23,16
PUT,TRT,30,6
PUU,TML,22,10
PVD,TEL,20,2
PVP,VBL,25,41
PVP,RGDA,46,33
PVP,PVPT,2,16
PVP,SNM,12,4
PVP,VZM,77,2
PVPT,RGDA,45,18
PVPT,VBL,26,8
PVR,SGLA,30,10
PVRD,TRTR,19,7
PVRD,VARD,7,4
PVU,VAK,11,22
PVU,QLN,13,18
PWS,SCY,4,1
PYOL,QLD,12,6
PYX,SIE,4,1
PYX,RAM,6,1
QLM,SVM,18,15
QLN,VAK,23,21
QLN,TVC,64,30
QLN,STKT,19,20
QLN,TVP,62,4
QSR,RWL,10,2
R,TLD,38,38
R,WRC,2,2
R,SRWN,2,1
R,SZB,6,1
RA,VD,7,1
RAA,YJUD,26,2
RAA,UMB,25,10
RAIR,SBP,71,19
RAIR,SBPY,65,8
RAJP,VBW,17,22
RAJP,SUAL,7,2
RAJP,VID,16,16
RAJP,RN,64,8
RANI,SOS,24,6
RASP,SA,26,6
RBD,SAN,9,1
RBL,UCR,38,4
RBR,RKY,11,2
RBZ,SPJ,16,2
RC,YG,69,42
RC,WADI,108,14
RC,SADP,46,8
RC,VKB,210,4
RC,SEM,135,2
RC,SC,283,2
RCF,SQR,19,4
RCP,UCR,10,1
RDD,SES,15,4
RDDE,SNP,11,1
RDG,SLM,23,7
RDHP,SNLR,43,2
RDHP,SIOB,134,2
RDL,SLW,23,12
RDM,SKZR,73,21
RDM,WL,101,36
RDM,RGPM,10,2
REG,YLM,9,2
REI,SYA,19,2
REJ,SRJN,4,2
REWA,STA,49,22
REWA,TZR,12,6
RGBP,VNGP,12,2
RGBP,TGBP,22,2
RGD,SILO,6,2
RGDA,THV,19,4
RGDA,TKRI,90,6
RGDA,SPRD,9,10
RGH,SGL,14,4
RGH,RXL,15,4
RGI,SHV,20,2
RGL,SBP,23,16
RGL,SSN,9,2
RGL,SBPY,19,2
RGO,TR,13,2
RGP,ZN,12,6
RGS,SMPR,10,13
RGS,SIKR,50,20
RGS,RNW,32,8
RGV,SRGR,11,8
RHA,SDAH,76,2
RHE,TATA,20,6
RHG,SRRG,6,2
RIG,SKT,50,2
RIKA,SHDR,8,1
RJAP,RRGA,5,3
RJP,RU,74,12
RJPM,SVPR,11,15
RJPM,SNKL,33,17
RJPM,SVKS,28,2
RJR,RTGH,17,18
RJR,SDGH,47,18
RJT,WKR,41,63
RJT,SUNR,116,31
RJT,SDD,29,1
RJT,WTJ,52,2
RJY,SLO,51,123
RJY,VSKP,201,40
RJY,TDD,42,44
RJY,RYP,156,2
RJY,TNKU,39,6
RJY,TUNI,104,2
RK,SRE,35,64
RK,TPZ,32,22
RKD,VV,7,2
RKK,RMN,5,2
RKMP,VGLJ,295,14
RKMP,SJP,89,4
RKO,SFX,2,1
RKSH,RWL,12,2
RKSN,SINI,16,12
RKSN,TATA,42,2
RLA,SVKD,38,4
RLL,VRN,7,2
RLO,VML,6,2
RLP,SOQ,9,1
RMA,SGZ,61,18
RMB,SDLP,29,4
RMD,RMM,54,12
RMGM,SBC,44,2
RMH,SOG,10,1
RMNP,SC,75,2
RMP,TAZ,11,6
RMV,TGU,17,1
RMY,TDU,11,1
RMY,VKB,31,1
RN,SGR,33,32
RN,SWV,161,4
RN,THVM,192,4
RN,VEER,157,2
RN,SNDD,129,6
RN,VID,47,2
RNC,TIS,10,2
RNC,ROU,169,6
RNG,UDL,7,16
RNJ,RTM,32,2
RNL,TISI,10,4
RNO,VDA,8,2
RNPR,STN,11,2
RNPR,SLS,8,2
RNR,UBL,108,2
RNRD,TKA,11,2
RNT,SWM,10,2
RNY,TNL,39,10
RNY,ULG,61,10
RNY,RPAN,123,2
ROA,SPJ,29,3
ROHA,VEER,47,2
ROHN,SPZ,5,1
ROI,SIP,10,6
ROI,STW,9,6
ROK,SPZ,22,6
ROK,SSB,60,6
ROK,SMF,10,1
ROP,TKH,6,2
ROZA,SPN,7,6
ROZA,SPC,79,2
RPAN,VNE,51,14
RPAN,ULG,62,6
RPAR,SIR,48,2
RPH,SNT,28,24
RPH,TPF,6,5
RPH,SDLE,7,1
RPH,SURI,47,10
RPJ,UBC,20,32
RPJ,SIR,25,31
RPJ,UMB,28,28
RPMN,SMQL,43,2
RPMN,TPZ,20,2
RPR,TWG,8,1
RPR,SKRI,6,1
RPRL,UGD,4,2
RPZ,UDZ,5,33
RRB,TKE,24,15
RRB,TK,141,1
RRL,TAR,6,2
RRS,TQA,12,2
RSG,VSU,6,3
RSNR,SRW,34,4
RSNR,SOG,56,4
RSR,RTP,13,2
RSYI,SMNE,6,6
RTGH,SDGH,64,8
RTGH,SUJH,45,14
RTGH,TLC,32,2
RTM,UJN,97,25
RTM,SVA,119,2
RTM,SGZ,133,6
RU,TRT,53,6
RU,SMVB,347,2
RU,TPTY,9,94
RU,YPD,9,1
RUB,SNIE,7,1
RUI,SNKR,8,3
RUI,SNTD,8,3
RV,SAV,18,2
RV,WGA,10,2
RWJ,SWM,15,4
RWL,YNRK,11,4
RWL,VRH,6,8
RWO,WSJ,20,2
RWTB,ULG,12,2
RXL,SGL,29,5
RXL,SMI,86,9
RXL,STF,17,2
RXM,SSL,7,1
RYP,WL,198,4
SA,SGE,39,7
SA,TPT,114,12
SA,SLY,90,4
SA,SXT,6,2
SA,WFD,239,2
SA,SMVB,255,2
SAB,SYM,11,2
SADP,YG,24,14
SAG,SFMU,13,10
SAGM,STA,5,2
SAH,VR,17,4
SAH,VTN,9,5
SALE,TYAE,7,1
SALI,SK,7,1
SAO,SYA,18,2
SAP,SRPM,19,2
SAPE,VEER,8,5
SAS,SNGN,17,4
SAU,VG,37,5
SAU,SBT,23,2
SAW,SQN,10,4
SAY,YVP,5,2
SBB,VVB,4,1
SBC,YNK,27,7
SBC,YPR,5,43
SBC,SMVB,9,2
SBC,SSPN,156,2
SBD,SNRR,7,6
SBG,TPH,38,12
SBG,SLJ,8,2
SBGN,SRPN,6,2
SBGN,SPTR,5,2
SBH,SXB,7,2
SBH,SUL,11,2
SBHR,SKLR,55,14
SBP,SLRA,7,2
SBP,SBPY,6,2
SBP,TIG,181,4
SBRM,UDPU,67,2
SBV,SHC,17,19
SBW,TLE,6,2
SC,WADI,185,4
SC,VKB,73,6
SC,WL,152,10
SC,ZN,84,15
SC,SEM,148,2
SCH,UDN,10,4
SCI,SHRN,55,2
SCI,SMT,7,4
SCM,VSKP,8,28
SCM,VZM,53,14
SCMN,VZM,52,1
SCT,TSI,7,19
SCT,TML,28,8
SD,STP,35,4
SDB,WADI,10,27
SDB,YG,49,3
SDD,WKR,13,1
SDDN,UB,9,4
SDDN,SOT,19,8
SDDN,TLR,79,3
SDF,SDGH,24,8
SDL,UMR,67,19
SDLP,TSD,65,6
SDLP,SDMK,36,4
SDLP,SWNI,41,6
SDNR,TEN,16,2
SDNR,SVV,12,2
SDS,SGNR,30,10
SED,UGR,9,2
SED,VJR,9,2
SEE,STLR,18,4
SEGM,SNI,29,2
SEGM,WRR,73,2
SEGM,WR,2,1
SEH,SHRN,29,32
SEH,SJP,41,22
SEJ,VLA,22,4
SEJ,VTP,0,2
SEM,WADI,38,4
SEM,TDU,33,22
SES,ZW,44,2
SEU,SOD,53,2
SFC,TIG,28,6
SFW,SFY,27,6
SGAC,SWM,109,4
SGBJ,TLV,12,2
SGD,SOJN,7,11
SGD,SOA,10,1
SGDP,TGRL,17,2
SGKM,VVM,3,2
SGNR,SRW,47,4
SGO,VGLJ,219,14
SGR,UKC,13,1
SGR,SVX,24,4
SGS,TVI,7,5
SGUJ,SVQ,21,4
SGZ,SVA,13,14
SGZ,VMA,52,6
SHAN,WDR,7,1
SHC,SOU,27,2
SHDM,UMB,19,11
SHE,SRP,2,4
SHK,SRY,10,2
SHK,WRS,26,4
SHM,SRC,5,60
SHNR,UR,32,13
SHNR,TMX,15,4
SHRN,UJN,173,20
SHRN,SJP,70,16
SHU,WJR,15,11
SHZ,SML,3,6
SID,UJA,15,12
SIDG,SRNM,4,3
SINI,TATA,26,16
SIOB,SNLR,92,2
SIOB,VONB,7,2
SIOB,VG,182,2
SIPR,SWA,5,1
SIR,UMB,54,14
SJL,VJA,5,2
SJL,TEL,9,2
SJN,UBR,5,9
SJP,UJN,103,24
SJT,SRO,10,1
SKB,TDL,36,18
SKI,SSNS,3,1
SKI,UGNA,5,1
SKLI,TRDI,5,4
SKM,TNR,10,8
SKP,VKB,28,16
SKZR,WL,173,12
SL,UD,42,12
SL,TOK,5,2
SLD,TLAM,6,1
SLF,TIS,45,2
SLGE,TVL,8,3
SLGR,SRTN,16,6
SLI,VRB,2,1
SLI,STR,126,8
SLJ,TPH,30,1
SLN,ZBD,92,3
SLNA,SPJ,60,2
SLO,VSKP,150,33
SLO,VZM,198,2
SLO,TUNI,54,16
SLO,YLM,94,4
SLR,SOL,6,6
SLRA,SSN,7,2
SLS,STN,4,2
SLY,TPT,24,6
SMCP,SPTR,24,2
SMCP,TQM,12,4
SMD,TEN,19,6
SME,SMET,2,7
SMK,SNP,28,3
SML,SOL,50,4
SMPA,URML,7,2
SMVB,WFD,13,14
SMVB,TK,78,7
SMVB,YNK,21,4
SNDD,SWV,31,2
SNDD,THVM,64,2
SNI,TGP,8,3
SNI,WR,31,4
SNK,SNSL,6,4
SNM,VBL,12,6
SNN,WG,9,1
SNNR,YPR,-624,1
SNP,SZM,41,16
SNSL,VKH,5,4
SNT,SURI,20,6
SNT,TPF,21,2
SNT,UDL,73,2
SOGR,SXN,6,2
SORO,SZZ,9,2
SOU,SRGR,25,6
SPC,STP,4,3
SPE,TADA,12,2
SPJ,UJP,9,6
SPN,TLH,19,12
SPN,STP,91,6
SPRD,THV,9,8
SPRD,TKRI,81,2
SPX,TPK,10,5
SPYA,SSU,5,1
SRBA,URGA,7,2
SRC,ULB,25,13
SRE,YJUD,30,73
SRE,UMB,81,48
SRF,TLGP,15,6
SRGM,TPJ,12,25
SRGM,TPTN,4,2
SRGM,VRI,111,2
SRGM,VM,166,2
SRGT,VG,66,16
SRGT,SUNR,5,5
SRNK,UJH,31,4
SRNR,WPR,10,6
SRR,TIR,46,49
SRR,TCR,34,69
SRR,WKI,17,7
SRR,VPZ,9,2
SRT,VPT,27,50
SRT,TEN,86,3
SRTL,TUVR,10,11
SRWN,SZB,4,1
SSIA,TUL,7,2
SSIA,TRAN,11,2
SSNH,TTR,2,1
SSNS,TRS,3,1
SSPD,VKB,22,2
ST,VAPI,94,96
ST,UDN,4,26
ST,SYN,13,6
ST,URN,4,3
STA,UHR,21,14
STA,TZR,37,2
STL,TLB,3,4
STN,ULT,4,4
STR,WTR,26,6
SUAL,VID,10,2
SUD,TETA,8,4
SUJH,TLC,13,2
SUNR,WKR,75,49
SUNR,VG,64,74
SUNR,THAN,48,16
SUR,TKWD,7,4
SUR,WADI,149,2
SUR,TVL,34,1
SURI,UDL,54,4
SV,ZRDE,10,8
SV,THE,28,6
SV,SVC,3,2
SVHE,UBL,23,2
SVKS,TTL,3,6
SVKS,SVPR,17,15
SVKS,VPT,25,11
SVL,TAS,14,1
SVL,TBA,3,1
SVNR,YLG,9,2
SWR,TUX,6,4
SWV,ZARP,11,6
SWV,THVM,33,14
SY,VDL,6,11
SYM,VKN,10,2
SYN,UDN,18,2
TA,TIR,8,18
TAN,UJN,31,10
TAN,TJP,16,2
TBA,TUWA,9,1
TBM,TLM,7,2
TBM,VM,133,6
TBM,TPJ,311,2
TCR,WKI,16,23
TDN,TMQ,11,6
TDPR,VM,42,16
TDU,WADI,70,8
TDU,VKB,43,28
TEL,TSR,11,6
TEL,VJA,14,2
TEL,VTM,65,1
TEN,VPT,114,9
TEN,VLY,42,20
TEN,TME,59,2
TGN,VDN,4,3
TGP,WR,24,4
TGRL,TMKA,10,2
TGU,UPL,6,1
THAN,WKR,27,18
THAN,VD,10,1
THE,TOI,36,8
TIA,WZJ,18,2
TIBI,TLI,10,2
TIR,TUA,9,2
TIU,ULM,10,3
TJ,TPJ,50,29
TJ,TVR,55,5
TK,TTR,70,42
TK,YPR,66,62
TKBN,VP,4,6
TKMG,UDPR,20,2
TLD,WRC,36,1
TLD,URK,33,1
TLHD,TLHR,6,2
TLHR,TTPT,10,1
TME,TN,1,3
TMQ,VPT,25,8
TMR,TRO,20,16
TMR,TMS,6,4
TMV,VM,37,23
TMX,UR,16,8
TNI,TNM,16,1
TNL,ULG,22,10
TNM,TRK,34,8
TNM,VLR,83,19
TNM,VM,68,19
TOI,TRJ,9,1
TP,TPJ,4,5
TPJ,VRI,123,32
TPJ,TPTN,8,2
TPJ,TRB,10,2
TPJ,VM,178,4
TPTY,TPW,2,3
TPV,TRJ,4,1
TRK,VM,34,8
TRP,YVP,4,2
TTL,VPT,22,6
TTP,TVR,25,12
TU,YA,68,31
TUNI,YLM,40,14
TUNI,VSKP,97,2
TUP,UKL,13,3
TUV,VNB,8,2
TUWA,VKG,8,1
TVC,VAK,40,21
TVC,TVP,2,17
TVP,VAK,39,3
TWG,VVG,4,1
UBC,UMB,8,32
UBL,YLG,46,6
UBR,VAPI,28,2
UDL,UKA,12,2
UDN,VYA,56,8
UDZ,ZW,43,4
UDZ,UMRA,10,4
UJN,VRG,5,2
UKD,VDI,12,3
UKH,WDN,4,1
ULU,VM,36,2
ULU,VRI,19,2
UMB,YJUD,51,53
UMRA,ZW,33,4
URI,YT,13,1
URK,WRC,3,1
USD,VYA,18,2
UVD,VAPI,10,10
VBL,VZM,53,47
VDE,VKT,9,2
VDG,VNG,13,2
VID,VRLI,6,2
VKB,ZB,60,19
VKI,YLK,12,1
VKM,VM,8,1
VM,VRI,55,67
VR,VTN,8,5
VRH,YNRK,5,10
VRX,VU,9,2
VSKP,VZM,61,117
WADI,YG,39,28
YA,YGD,8,2
YNK,YPR,10,22
